link,title,author,published,updatedate,chapters,language,words,kudos,comments,bookmarks,hits,warning,relationship,characters,tags,summary,rating,series
https://archiveofourown.org/works/47116633,,,,,,,,,,,,,,,,,,
https://archiveofourown.org/works/47361427,,,,,,,,,,,,,,,,,,
https://archiveofourown.org/works/47422114,,,,,,,,,,,,,,,,,,
https://archiveofourown.org/works/47421412,,,,,,,,,,,,,,,,,,
https://archiveofourown.org/works/47394868,,,,,,,,,,,,,,,,,,
https://archiveofourown.org/works/47019994,,,,,,,,,,,,,,,,,,
https://archiveofourown.org/works/47270335,,,,,,,,,,,,,,,,,,
https://archiveofourown.org/works/47404399,,,,,,,,,,,,,,,,,,
https://archiveofourown.org/works/44911999,,,,,,,,,,,,,,,,,,
https://archiveofourown.org/works/47159842,,,,,,,,,,,,,,,,,,
https://archiveofourown.org/works/46680625,,,,,,,,,,,,,,,,,,
https://archiveofourown.org/works/46903384,,,,,,,,,,,,,,,,,,
https://archiveofourown.org/works/47136370,,,,,,,,,,,,,,,,,,
https://archiveofourown.org/works/47395024,,,,,,,,,,,,,,,,,,
https://archiveofourown.org/works/45793852,,,,,,,,,,,,,,,,,,
https://archiveofourown.org/works/45719404,,,,,,,,,,,,,,,,,,
https://archiveofourown.org/works/47108281,,,,,,,,,,,,,,,,,,
https://archiveofourown.org/works/46545298,,,,,,,,,,,,,,,,,,
https://archiveofourown.org/works/47387896,,,,,,,,,,,,,,,,,,
https://archiveofourown.org/works/47386591,,,,,,,,,,,,,,,,,,
https://archiveofourown.org/works/46266553,,,,,,,,,,,,,,,,,,
https://archiveofourown.org/works/47028382,,,,,,,,,,,,,,,,,,
https://archiveofourown.org/works/47381956,,,,,,,,,,,,,,,,,,
https://archiveofourown.org/works/45967144,,,,,,,,,,,,,,,,,,
https://archiveofourown.org/works/47131483,,,,,,,,,,,,,,,,,,
https://archiveofourown.org/works/47379352,,,,,,,,,,,,,,,,,,
https://archiveofourown.org/works/46990882,,,,,,,,,,,,,,,,,,
https://archiveofourown.org/works/47170003,,,,,,,,,,,,,,,,,,
https://archiveofourown.org/works/47372872,,,,,,,,,,,,,,,,,,
https://archiveofourown.org/works/47365840,,,,,,,,,,,,,,,,,,
https://archiveofourown.org/works/47365585,,,,,,,,,,,,,,,,,,
https://archiveofourown.org/works/46429513,,,,,,,,,,,,,,,,,,
https://archiveofourown.org/works/46931593,,,,,,,,,,,,,,,,,,
https://archiveofourown.org/works/45844012,,,,,,,,,,,,,,,,,,
https://archiveofourown.org/works/47361784,,,,,,,,,,,,,,,,,,
https://archiveofourown.org/works/47226187,,,,,,,,,,,,,,,,,,
https://archiveofourown.org/works/47359027,,,,,,,,,,,,,,,,,,
https://archiveofourown.org/works/47304523,,,,,,,,,,,,,,,,,,
https://archiveofourown.org/works/47358256,,,,,,,,,,,,,,,,,,
https://archiveofourown.org/works/47357743,,,,,,,,,,,,,,,,,,
https://archiveofourown.org/works/47357278,,,,,,,,,,,,,,,,,,
https://archiveofourown.org/works/46568050,,,,,,,,,,,,,,,,,,
https://archiveofourown.org/works/47356699,,,,,,,,,,,,,,,,,,
https://archiveofourown.org/works/47356318,,,,,,,,,,,,,,,,,,
https://archiveofourown.org/works/47334856,,,,,,,,,,,,,,,,,,
https://archiveofourown.org/works/47354797,,,,,,,,,,,,,,,,,,
https://archiveofourown.org/works/47175877,,,,,,,,,,,,,,,,,,
https://archiveofourown.org/works/47204788,,,,,,,,,,,,,,,,,,
https://archiveofourown.org/works/47232418,,,,,,,,,,,,,,,,,,
https://archiveofourown.org/works/47255707,,,,,,,,,,,,,,,,,,
https://archiveofourown.org/works/47348575,,,,,,,,,,,,,,,,,,
https://archiveofourown.org/works/45196636,,,,,,,,,,,,,,,,,,
https://archiveofourown.org/works/46469533,,,,,,,,,,,,,,,,,,
https://archiveofourown.org/works/47342179,,,,,,,,,,,,,,,,,,
https://archiveofourown.org/works/47340415,,,,,,,,,,,,,,,,,,
https://archiveofourown.org/works/45928231,,,,,,,,,,,,,,,,,,
https://archiveofourown.org/works/47337142,,,,,,,,,,,,,,,,,,
https://archiveofourown.org/works/47336338,,,,,,,,,,,,,,,,,,
https://archiveofourown.org/works/47335717,,,,,,,,,,,,,,,,,,
https://archiveofourown.org/works/47335369,,,,,,,,,,,,,,,,,,
https://archiveofourown.org/works/47335051,,,,,,,,,,,,,,,,,,
https://archiveofourown.org/works/47168512,,,,,,,,,,,,,,,,,,
https://archiveofourown.org/works/47333542,,,,,,,,,,,,,,,,,,
https://archiveofourown.org/works/46036882,,,,,,,,,,,,,,,,,,
https://archiveofourown.org/works/47328748,,,,,,,,,,,,,,,,,,
https://archiveofourown.org/works/47315245,,,,,,,,,,,,,,,,,,
https://archiveofourown.org/works/46466728,,,,,,,,,,,,,,,,,,
https://archiveofourown.org/works/47164804,,,,,,,,,,,,,,,,,,
https://archiveofourown.org/works/47238895,,,,,,,,,,,,,,,,,,
https://archiveofourown.org/works/47248693,,,,,,,,,,,,,,,,,,
https://archiveofourown.org/works/47313190,,,,,,,,,,,,,,,,,,
https://archiveofourown.org/works/47311807,,,,,,,,,,,,,,,,,,
https://archiveofourown.org/works/47279317,,,,,,,,,,,,,,,,,,
https://archiveofourown.org/works/47246881,,,,,,,,,,,,,,,,,,
https://archiveofourown.org/works/47309245,,,,,,,,,,,,,,,,,,
https://archiveofourown.org/works/44791187,,,,,,,,,,,,,,,,,,
https://archiveofourown.org/works/47301508,,,,,,,,,,,,,,,,,,
https://archiveofourown.org/works/47143141,,,,,,,,,,,,,,,,,,
https://archiveofourown.org/works/47305393,,,,,,,,,,,,,,,,,,
https://archiveofourown.org/works/47304982,,,,,,,,,,,,,,,,,,
https://archiveofourown.org/works/47298775,,,,,,,,,,,,,,,,,,
https://archiveofourown.org/works/44688367,,,,,,,,,,,,,,,,,,
https://archiveofourown.org/works/47295070,,,,,,,,,,,,,,,,,,
https://archiveofourown.org/works/45289729,,,,,,,,,,,,,,,,,,
https://archiveofourown.org/works/47262397,,,,,,,,,,,,,,,,,,
https://archiveofourown.org/works/47288461,,,,,,,,,,,,,,,,,,
https://archiveofourown.org/works/47250964,,,,,,,,,,,,,,,,,,
https://archiveofourown.org/works/47284264,,,,,,,,,,,,,,,,,,
https://archiveofourown.org/works/47283313,,,,,,,,,,,,,,,,,,
https://archiveofourown.org/works/47280757,,,,,,,,,,,,,,,,,,
https://archiveofourown.org/works/47260102,,,,,,,,,,,,,,,,,,
https://archiveofourown.org/works/46218217,,,,,,,,,,,,,,,,,,
https://archiveofourown.org/works/47111407,,,,,,,,,,,,,,,,,,
https://archiveofourown.org/works/47271217,,,,,,,,,,,,,,,,,,
https://archiveofourown.org/works/47269384,,,,,,,,,,,,,,,,,,
https://archiveofourown.org/works/47039815,,,,,,,,,,,,,,,,,,
https://archiveofourown.org/works/47200708,,,,,,,,,,,,,,,,,,
https://archiveofourown.org/works/47261371,,,,,,,,,,,,,,,,,,
https://archiveofourown.org/works/45665989,,,,,,,,,,,,,,,,,,
https://archiveofourown.org/works/47259820,,,,,,,,,,,,,,,,,,
https://archiveofourown.org/works/47240005,,,,,,,,,,,,,,,,,,
https://archiveofourown.org/works/47258338,,,,,,,,,,,,,,,,,,
https://archiveofourown.org/works/47257099,,,,,,,,,,,,,,,,,,
https://archiveofourown.org/works/47255149,,,,,,,,,,,,,,,,,,
https://archiveofourown.org/works/47250301,,,,,,,,,,,,,,,,,,
https://archiveofourown.org/works/47237641,,,,,,,,,,,,,,,,,,
https://archiveofourown.org/works/47239780,,,,,,,,,,,,,,,,,,
https://archiveofourown.org/works/47237377,,,,,,,,,,,,,,,,,,
https://archiveofourown.org/works/47168065,,,,,,,,,,,,,,,,,,
https://archiveofourown.org/works/46381468,,,,,,,,,,,,,,,,,,
https://archiveofourown.org/works/46995487,,,,,,,,,,,,,,,,,,
https://archiveofourown.org/works/47223478,,,,,,,,,,,,,,,,,,
https://archiveofourown.org/works/45769018,,,,,,,,,,,,,,,,,,
https://archiveofourown.org/works/46807663,,,,,,,,,,,,,,,,,,
https://archiveofourown.org/works/46093528,,,,,,,,,,,,,,,,,,
https://archiveofourown.org/works/47217127,,,,,,,,,,,,,,,,,,
https://archiveofourown.org/works/46788061,,,,,,,,,,,,,,,,,,
https://archiveofourown.org/works/47215669,,,,,,,,,,,,,,,,,,
https://archiveofourown.org/works/47208319,,,,,,,,,,,,,,,,,,
https://archiveofourown.org/works/47208130,,,,,,,,,,,,,,,,,,
https://archiveofourown.org/works/47126380,,,,,,,,,,,,,,,,,,
https://archiveofourown.org/works/46587247,,,,,,,,,,,,,,,,,,
https://archiveofourown.org/works/47202784,,,,,,,,,,,,,,,,,,
https://archiveofourown.org/works/47200042,,,,,,,,,,,,,,,,,,
https://archiveofourown.org/works/47198647,,,,,,,,,,,,,,,,,,
https://archiveofourown.org/works/47196295,,,,,,,,,,,,,,,,,,
https://archiveofourown.org/works/46936312,,,,,,,,,,,,,,,,,,
https://archiveofourown.org/works/47193898,,,,,,,,,,,,,,,,,,
https://archiveofourown.org/works/47193106,,,,,,,,,,,,,,,,,,
https://archiveofourown.org/works/46882249,,,,,,,,,,,,,,,,,,
https://archiveofourown.org/works/47185939,,,,,,,,,,,,,,,,,,
https://archiveofourown.org/works/45552637,,,,,,,,,,,,,,,,,,
https://archiveofourown.org/works/47173660,,,,,,,,,,,,,,,,,,
https://archiveofourown.org/works/47173498,,,,,,,,,,,,,,,,,,
https://archiveofourown.org/works/47173234,,,,,,,,,,,,,,,,,,
https://archiveofourown.org/works/47088046,,,,,,,,,,,,,,,,,,
https://archiveofourown.org/works/47088667,,,,,,,,,,,,,,,,,,
https://archiveofourown.org/works/47153557,,,,,,,,,,,,,,,,,,
https://archiveofourown.org/works/46464568,,,,,,,,,,,,,,,,,,
https://archiveofourown.org/works/47159170,,,,,,,,,,,,,,,,,,
https://archiveofourown.org/works/46982533,,,,,,,,,,,,,,,,,,
https://archiveofourown.org/works/47155405,,,,,,,,,,,,,,,,,,
https://archiveofourown.org/works/46546858,,,,,,,,,,,,,,,,,,
https://archiveofourown.org/works/47152003,,,,,,,,,,,,,,,,,,
https://archiveofourown.org/works/47143930,,,,,,,,,,,,,,,,,,
https://archiveofourown.org/works/46975225,,,,,,,,,,,,,,,,,,
https://archiveofourown.org/works/47145994,,,,,,,,,,,,,,,,,,
https://archiveofourown.org/works/46329682,,,,,,,,,,,,,,,,,,
https://archiveofourown.org/works/46031203,,,,,,,,,,,,,,,,,,
https://archiveofourown.org/works/45575005,,,,,,,,,,,,,,,,,,
https://archiveofourown.org/works/47137495,,,,,,,,,,,,,,,,,,
https://archiveofourown.org/works/47137162,,,,,,,,,,,,,,,,,,
https://archiveofourown.org/works/46773547,,,,,,,,,,,,,,,,,,
https://archiveofourown.org/works/47116942,,,,,,,,,,,,,,,,,,
https://archiveofourown.org/works/47129698,,,,,,,,,,,,,,,,,,
https://archiveofourown.org/works/47125795,,,,,,,,,,,,,,,,,,
https://archiveofourown.org/works/47013694,,,,,,,,,,,,,,,,,,
https://archiveofourown.org/works/47081218,,,,,,,,,,,,,,,,,,
https://archiveofourown.org/works/47124301,,,,,,,,,,,,,,,,,,
https://archiveofourown.org/works/46473562,,,,,,,,,,,,,,,,,,
https://archiveofourown.org/works/46232947,,,,,,,,,,,,,,,,,,
https://archiveofourown.org/works/47115961,,,,,,,,,,,,,,,,,,
https://archiveofourown.org/works/47115808,,,,,,,,,,,,,,,,,,
https://archiveofourown.org/works/47111563,,,,,,,,,,,,,,,,,,
https://archiveofourown.org/works/47111422,,,,,,,,,,,,,,,,,,
https://archiveofourown.org/works/46493629,,,,,,,,,,,,,,,,,,
https://archiveofourown.org/works/47109271,,,,,,,,,,,,,,,,,,
https://archiveofourown.org/works/46103200,,,,,,,,,,,,,,,,,,
https://archiveofourown.org/works/47103748,,,,,,,,,,,,,,,,,,
https://archiveofourown.org/works/45308677,,,,,,,,,,,,,,,,,,
https://archiveofourown.org/works/47099179,,,,,,,,,,,,,,,,,,
https://archiveofourown.org/works/47095669,,,,,,,,,,,,,,,,,,
https://archiveofourown.org/works/47088610,,,,,,,,,,,,,,,,,,
https://archiveofourown.org/works/47085442,,,,,,,,,,,,,,,,,,
https://archiveofourown.org/works/46516504,,,,,,,,,,,,,,,,,,
https://archiveofourown.org/works/46963186,,,,,,,,,,,,,,,,,,
https://archiveofourown.org/works/46481659,,,,,,,,,,,,,,,,,,
https://archiveofourown.org/works/46997644,,,,,,,,,,,,,,,,,,
https://archiveofourown.org/works/47074180,,,,,,,,,,,,,,,,,,
https://archiveofourown.org/works/47073643,,,,,,,,,,,,,,,,,,
https://archiveofourown.org/works/47064856,,,,,,,,,,,,,,,,,,
https://archiveofourown.org/works/46946884,,,,,,,,,,,,,,,,,,
https://archiveofourown.org/works/45307531,,,,,,,,,,,,,,,,,,
https://archiveofourown.org/works/47052190,,,,,,,,,,,,,,,,,,
https://archiveofourown.org/works/46626169,,,,,,,,,,,,,,,,,,
https://archiveofourown.org/works/47048677,,,,,,,,,,,,,,,,,,
https://archiveofourown.org/works/46858498,,,,,,,,,,,,,,,,,,
https://archiveofourown.org/works/47048323,,,,,,,,,,,,,,,,,,
https://archiveofourown.org/works/47048059,,,,,,,,,,,,,,,,,,
https://archiveofourown.org/works/47042248,,,,,,,,,,,,,,,,,,
https://archiveofourown.org/works/47042170,,,,,,,,,,,,,,,,,,
https://archiveofourown.org/works/47017678,,,,,,,,,,,,,,,,,,
https://archiveofourown.org/works/47039659,,,,,,,,,,,,,,,,,,
https://archiveofourown.org/works/47025892,,,,,,,,,,,,,,,,,,
https://archiveofourown.org/works/47035522,,,,,,,,,,,,,,,,,,
https://archiveofourown.org/works/47029501,,,,,,,,,,,,,,,,,,
https://archiveofourown.org/works/47024770,,,,,,,,,,,,,,,,,,
https://archiveofourown.org/works/46863016,,,,,,,,,,,,,,,,,,
https://archiveofourown.org/works/47020771,,,,,,,,,,,,,,,,,,
https://archiveofourown.org/works/47015452,,,,,,,,,,,,,,,,,,
https://archiveofourown.org/works/47009347,,,,,,,,,,,,,,,,,,
https://archiveofourown.org/works/47008549,,,,,,,,,,,,,,,,,,
https://archiveofourown.org/works/46760389,,,,,,,,,,,,,,,,,,
https://archiveofourown.org/works/46858690,,,,,,,,,,,,,,,,,,
https://archiveofourown.org/works/46833823,,,,,,,,,,,,,,,,,,
https://archiveofourown.org/works/44803643,,,,,,,,,,,,,,,,,,
https://archiveofourown.org/works/45883108,,,,,,,,,,,,,,,,,,
https://archiveofourown.org/works/46519282,,,,,,,,,,,,,,,,,,
https://archiveofourown.org/works/46989058,,,,,,,,,,,,,,,,,,
https://archiveofourown.org/works/46981282,,,,,,,,,,,,,,,,,,
https://archiveofourown.org/works/45773677,,,,,,,,,,,,,,,,,,
https://archiveofourown.org/works/45361381,,,,,,,,,,,,,,,,,,
https://archiveofourown.org/works/46977559,,,,,,,,,,,,,,,,,,
https://archiveofourown.org/works/46183210,,,,,,,,,,,,,,,,,,
https://archiveofourown.org/works/46961713,,,,,,,,,,,,,,,,,,
https://archiveofourown.org/works/46960003,,,,,,,,,,,,,,,,,,
https://archiveofourown.org/works/46958662,,,,,,,,,,,,,,,,,,
https://archiveofourown.org/works/46315813,,,,,,,,,,,,,,,,,,
https://archiveofourown.org/works/46949680,,,,,,,,,,,,,,,,,,
https://archiveofourown.org/works/46948807,,,,,,,,,,,,,,,,,,
https://archiveofourown.org/works/46948681,,,,,,,,,,,,,,,,,,
https://archiveofourown.org/works/46946791,,,,,,,,,,,,,,,,,,
https://archiveofourown.org/works/45984499,,,,,,,,,,,,,,,,,,
https://archiveofourown.org/works/46940149,,,,,,,,,,,,,,,,,,
https://archiveofourown.org/works/46931290,,,,,,,,,,,,,,,,,,
https://archiveofourown.org/works/46930393,,,,,,,,,,,,,,,,,,
https://archiveofourown.org/works/46929643,,,,,,,,,,,,,,,,,,
https://archiveofourown.org/works/46929238,,,,,,,,,,,,,,,,,,
https://archiveofourown.org/works/46882453,,,,,,,,,,,,,,,,,,
https://archiveofourown.org/works/46085413,,,,,,,,,,,,,,,,,,
https://archiveofourown.org/works/46914460,,,,,,,,,,,,,,,,,,
https://archiveofourown.org/works/45625834,,,,,,,,,,,,,,,,,,
https://archiveofourown.org/works/46917877,,,,,,,,,,,,,,,,,,
https://archiveofourown.org/works/46408204,,,,,,,,,,,,,,,,,,
https://archiveofourown.org/works/46914463,,,,,,,,,,,,,,,,,,
https://archiveofourown.org/works/46914226,,,,,,,,,,,,,,,,,,
https://archiveofourown.org/works/46868878,,,,,,,,,,,,,,,,,,
https://archiveofourown.org/works/45631399,,,,,,,,,,,,,,,,,,
https://archiveofourown.org/works/46912513,,,,,,,,,,,,,,,,,,
https://archiveofourown.org/works/46912456,,,,,,,,,,,,,,,,,,
https://archiveofourown.org/works/46911409,,,,,,,,,,,,,,,,,,
https://archiveofourown.org/works/46909645,,,,,,,,,,,,,,,,,,
https://archiveofourown.org/works/46903351,,,,,,,,,,,,,,,,,,
https://archiveofourown.org/works/46211653,,,,,,,,,,,,,,,,,,
https://archiveofourown.org/works/46901140,,,,,,,,,,,,,,,,,,
https://archiveofourown.org/works/46899043,,,,,,,,,,,,,,,,,,
https://archiveofourown.org/works/46887028,,,,,,,,,,,,,,,,,,
https://archiveofourown.org/works/46886596,,,,,,,,,,,,,,,,,,
https://archiveofourown.org/works/46885396,,,,,,,,,,,,,,,,,,
https://archiveofourown.org/works/46883998,,,,,,,,,,,,,,,,,,
https://archiveofourown.org/works/46880452,,,,,,,,,,,,,,,,,,
https://archiveofourown.org/works/46880197,,,,,,,,,,,,,,,,,,
https://archiveofourown.org/works/46876888,,,,,,,,,,,,,,,,,,
https://archiveofourown.org/works/46868860,,,,,,,,,,,,,,,,,,
https://archiveofourown.org/works/46201771,,,,,,,,,,,,,,,,,,
https://archiveofourown.org/works/45134431,,,,,,,,,,,,,,,,,,
https://archiveofourown.org/works/46858405,,,,,,,,,,,,,,,,,,
https://archiveofourown.org/works/44963443,,,,,,,,,,,,,,,,,,
https://archiveofourown.org/works/46856713,,,,,,,,,,,,,,,,,,
https://archiveofourown.org/works/46855372,,,,,,,,,,,,,,,,,,
https://archiveofourown.org/works/46512439,,,,,,,,,,,,,,,,,,
https://archiveofourown.org/works/46854655,,,,,,,,,,,,,,,,,,
https://archiveofourown.org/works/46847860,,,,,,,,,,,,,,,,,,
https://archiveofourown.org/works/46197910,,,,,,,,,,,,,,,,,,
https://archiveofourown.org/works/46848232,,,,,,,,,,,,,,,,,,
https://archiveofourown.org/works/46846708,,,,,,,,,,,,,,,,,,
https://archiveofourown.org/works/45270820,,,,,,,,,,,,,,,,,,
https://archiveofourown.org/works/46840903,,,,,,,,,,,,,,,,,,
https://archiveofourown.org/works/46837375,,,,,,,,,,,,,,,,,,
https://archiveofourown.org/works/46836757,,,,,,,,,,,,,,,,,,
https://archiveofourown.org/works/46836499,,,,,,,,,,,,,,,,,,
https://archiveofourown.org/works/46804297,,,,,,,,,,,,,,,,,,
https://archiveofourown.org/works/46835266,,,,,,,,,,,,,,,,,,
https://archiveofourown.org/works/46834150,,,,,,,,,,,,,,,,,,
https://archiveofourown.org/works/46832422,,,,,,,,,,,,,,,,,,
https://archiveofourown.org/works/46673722,,,,,,,,,,,,,,,,,,
https://archiveofourown.org/works/45376639,,,,,,,,,,,,,,,,,,
https://archiveofourown.org/works/46827523,,,,,,,,,,,,,,,,,,
https://archiveofourown.org/works/46826059,,,,,,,,,,,,,,,,,,
https://archiveofourown.org/works/46745278,,,,,,,,,,,,,,,,,,
https://archiveofourown.org/works/46816357,,,,,,,,,,,,,,,,,,
https://archiveofourown.org/works/46815172,,,,,,,,,,,,,,,,,,
https://archiveofourown.org/works/46227607,,,,,,,,,,,,,,,,,,
https://archiveofourown.org/works/46445644,,,,,,,,,,,,,,,,,,
https://archiveofourown.org/works/46042186,,,,,,,,,,,,,,,,,,
https://archiveofourown.org/works/46801870,,,,,,,,,,,,,,,,,,
https://archiveofourown.org/works/46801495,,,,,,,,,,,,,,,,,,
https://archiveofourown.org/works/46799551,,,,,,,,,,,,,,,,,,
https://archiveofourown.org/works/46798210,,,,,,,,,,,,,,,,,,
https://archiveofourown.org/works/45994780,,,,,,,,,,,,,,,,,,
https://archiveofourown.org/works/46789861,,,,,,,,,,,,,,,,,,
https://archiveofourown.org/works/46789153,,,,,,,,,,,,,,,,,,
https://archiveofourown.org/works/46789120,,,,,,,,,,,,,,,,,,
https://archiveofourown.org/works/44860075,,,,,,,,,,,,,,,,,,
https://archiveofourown.org/works/46188124,,,,,,,,,,,,,,,,,,
https://archiveofourown.org/works/45359485,,,,,,,,,,,,,,,,,,
https://archiveofourown.org/works/46775158,,,,,,,,,,,,,,,,,,
https://archiveofourown.org/works/46772158,,,,,,,,,,,,,,,,,,
https://archiveofourown.org/works/46771864,,,,,,,,,,,,,,,,,,
https://archiveofourown.org/works/46616701,,,,,,,,,,,,,,,,,,
https://archiveofourown.org/works/46769455,,,,,,,,,,,,,,,,,,
https://archiveofourown.org/works/46757398,,,,,,,,,,,,,,,,,,
https://archiveofourown.org/works/45992374,,,,,,,,,,,,,,,,,,
https://archiveofourown.org/works/46754731,,,,,,,,,,,,,,,,,,
https://archiveofourown.org/works/46315132,,,,,,,,,,,,,,,,,,
https://archiveofourown.org/works/46552339,,,,,,,,,,,,,,,,,,
https://archiveofourown.org/works/46754482,,,,,,,,,,,,,,,,,,
https://archiveofourown.org/works/46750021,,,,,,,,,,,,,,,,,,
https://archiveofourown.org/works/46749688,,,,,,,,,,,,,,,,,,
https://archiveofourown.org/works/46747957,,,,,,,,,,,,,,,,,,
https://archiveofourown.org/works/46313794,,,,,,,,,,,,,,,,,,
https://archiveofourown.org/works/46745362,,,,,,,,,,,,,,,,,,
https://archiveofourown.org/works/45088573,,,,,,,,,,,,,,,,,,
https://archiveofourown.org/works/46729345,,,,,,,,,,,,,,,,,,
https://archiveofourown.org/works/46729273,,,,,,,,,,,,,,,,,,
https://archiveofourown.org/works/46724731,,,,,,,,,,,,,,,,,,
https://archiveofourown.org/works/46724575,,,,,,,,,,,,,,,,,,
https://archiveofourown.org/works/46724329,,,,,,,,,,,,,,,,,,
https://archiveofourown.org/works/46721113,,,,,,,,,,,,,,,,,,
https://archiveofourown.org/works/46719808,,,,,,,,,,,,,,,,,,
https://archiveofourown.org/works/46234456,,,,,,,,,,,,,,,,,,
https://archiveofourown.org/works/46709671,,,,,,,,,,,,,,,,,,
https://archiveofourown.org/works/46452142,,,,,,,,,,,,,,,,,,
https://archiveofourown.org/works/46705159,,,,,,,,,,,,,,,,,,
https://archiveofourown.org/works/46704817,,,,,,,,,,,,,,,,,,
https://archiveofourown.org/works/46704472,,,,,,,,,,,,,,,,,,
https://archiveofourown.org/works/46649257,,,,,,,,,,,,,,,,,,
https://archiveofourown.org/works/46196092,,,,,,,,,,,,,,,,,,
https://archiveofourown.org/works/46616434,,,,,,,,,,,,,,,,,,
https://archiveofourown.org/works/46696270,,,,,,,,,,,,,,,,,,
https://archiveofourown.org/works/46281751,,,,,,,,,,,,,,,,,,
https://archiveofourown.org/works/46690678,,,,,,,,,,,,,,,,,,
https://archiveofourown.org/works/46689004,,,,,,,,,,,,,,,,,,
https://archiveofourown.org/works/46686385,,,,,,,,,,,,,,,,,,
https://archiveofourown.org/works/46263262,,,,,,,,,,,,,,,,,,
https://archiveofourown.org/works/46681258,,,,,,,,,,,,,,,,,,
https://archiveofourown.org/works/46680820,,,,,,,,,,,,,,,,,,
https://archiveofourown.org/works/46339879,,,,,,,,,,,,,,,,,,
https://archiveofourown.org/works/46673728,,,,,,,,,,,,,,,,,,
https://archiveofourown.org/works/46608505,,,,,,,,,,,,,,,,,,
https://archiveofourown.org/works/46662667,,,,,,,,,,,,,,,,,,
https://archiveofourown.org/works/45877423,,,,,,,,,,,,,,,,,,
https://archiveofourown.org/works/46657408,,,,,,,,,,,,,,,,,,
https://archiveofourown.org/works/46654159,,,,,,,,,,,,,,,,,,
https://archiveofourown.org/works/46653535,,,,,,,,,,,,,,,,,,
https://archiveofourown.org/works/46652290,,,,,,,,,,,,,,,,,,
https://archiveofourown.org/works/46647835,,,,,,,,,,,,,,,,,,
https://archiveofourown.org/works/46368916,,,,,,,,,,,,,,,,,,
https://archiveofourown.org/works/46644919,,,,,,,,,,,,,,,,,,
https://archiveofourown.org/works/46626352,,,,,,,,,,,,,,,,,,
https://archiveofourown.org/works/46642321,,,,,,,,,,,,,,,,,,
https://archiveofourown.org/works/46637182,,,,,,,,,,,,,,,,,,
https://archiveofourown.org/works/46633966,,,,,,,,,,,,,,,,,,
https://archiveofourown.org/works/46632634,,,,,,,,,,,,,,,,,,
https://archiveofourown.org/works/46588315,,,,,,,,,,,,,,,,,,
https://archiveofourown.org/works/46616116,,,,,,,,,,,,,,,,,,
https://archiveofourown.org/works/46612807,,,,,,,,,,,,,,,,,,
https://archiveofourown.org/works/46612975,,,,,,,,,,,,,,,,,,
https://archiveofourown.org/works/46612264,,,,,,,,,,,,,,,,,,
https://archiveofourown.org/works/45743218,,,,,,,,,,,,,,,,,,
https://archiveofourown.org/works/46450045,,,,,,,,,,,,,,,,,,
https://archiveofourown.org/works/46609009,,,,,,,,,,,,,,,,,,
https://archiveofourown.org/works/46606960,,,,,,,,,,,,,,,,,,
https://archiveofourown.org/works/46597123,,,,,,,,,,,,,,,,,,
https://archiveofourown.org/works/46128526,,,,,,,,,,,,,,,,,,
https://archiveofourown.org/works/46593232,,,,,,,,,,,,,,,,,,
https://archiveofourown.org/works/46592665,,,,,,,,,,,,,,,,,,
https://archiveofourown.org/works/46568935,,,,,,,,,,,,,,,,,,
https://archiveofourown.org/works/46589206,,,,,,,,,,,,,,,,,,
https://archiveofourown.org/works/46203505,,,,,,,,,,,,,,,,,,
https://archiveofourown.org/works/46229668,,,,,,,,,,,,,,,,,,
https://archiveofourown.org/works/46586020,,,,,,,,,,,,,,,,,,
https://archiveofourown.org/works/46585030,,,,,,,,,,,,,,,,,,
https://archiveofourown.org/works/46544200,,,,,,,,,,,,,,,,,,
https://archiveofourown.org/works/46466170,,,,,,,,,,,,,,,,,,
https://archiveofourown.org/works/45817276,,,,,,,,,,,,,,,,,,
https://archiveofourown.org/works/46366897,,,,,,,,,,,,,,,,,,
https://archiveofourown.org/works/46575103,,,,,,,,,,,,,,,,,,
https://archiveofourown.org/works/46280236,,,,,,,,,,,,,,,,,,
https://archiveofourown.org/works/46563514,,,,,,,,,,,,,,,,,,
https://archiveofourown.org/works/46562428,,,,,,,,,,,,,,,,,,
https://archiveofourown.org/works/46560958,,,,,,,,,,,,,,,,,,
https://archiveofourown.org/works/46557160,,,,,,,,,,,,,,,,,,
https://archiveofourown.org/works/44782213,,,,,,,,,,,,,,,,,,
https://archiveofourown.org/works/46552432,,,,,,,,,,,,,,,,,,
https://archiveofourown.org/works/46548598,,,,,,,,,,,,,,,,,,
https://archiveofourown.org/works/46545607,,,,,,,,,,,,,,,,,,
https://archiveofourown.org/works/46544185,,,,,,,,,,,,,,,,,,
https://archiveofourown.org/works/46225141,,,,,,,,,,,,,,,,,,
https://archiveofourown.org/works/46108750,,,,,,,,,,,,,,,,,,
https://archiveofourown.org/works/46533181,,,,,,,,,,,,,,,,,,
https://archiveofourown.org/works/46374463,,,,,,,,,,,,,,,,,,
https://archiveofourown.org/works/46531756,,,,,,,,,,,,,,,,,,
https://archiveofourown.org/works/46520635,,,,,,,,,,,,,,,,,,
https://archiveofourown.org/works/45474022,,,,,,,,,,,,,,,,,,
https://archiveofourown.org/works/46514785,,,,,,,,,,,,,,,,,,
https://archiveofourown.org/works/46514437,,,,,,,,,,,,,,,,,,
https://archiveofourown.org/works/46235371,,,,,,,,,,,,,,,,,,
https://archiveofourown.org/works/46510540,,,,,,,,,,,,,,,,,,
https://archiveofourown.org/works/46367782,,,,,,,,,,,,,,,,,,
https://archiveofourown.org/works/46489912,,,,,,,,,,,,,,,,,,
https://archiveofourown.org/works/46490665,,,,,,,,,,,,,,,,,,
https://archiveofourown.org/works/46474255,,,,,,,,,,,,,,,,,,
https://archiveofourown.org/works/46295881,,,,,,,,,,,,,,,,,,
https://archiveofourown.org/works/44881048,,,,,,,,,,,,,,,,,,
https://archiveofourown.org/works/46465093,,,,,,,,,,,,,,,,,,
https://archiveofourown.org/works/42140697,,,,,,,,,,,,,,,,,,
https://archiveofourown.org/works/46461532,,,,,,,,,,,,,,,,,,
https://archiveofourown.org/works/46458169,,,,,,,,,,,,,,,,,,
https://archiveofourown.org/works/46454686,,,,,,,,,,,,,,,,,,
https://archiveofourown.org/works/46451566,,,,,,,,,,,,,,,,,,
https://archiveofourown.org/works/46447390,,,,,,,,,,,,,,,,,,
https://archiveofourown.org/works/46446364,,,,,,,,,,,,,,,,,,
https://archiveofourown.org/works/46431190,,,,,,,,,,,,,,,,,,
https://archiveofourown.org/works/46433071,,,,,,,,,,,,,,,,,,
https://archiveofourown.org/works/46432357,,,,,,,,,,,,,,,,,,
https://archiveofourown.org/works/46431946,,,,,,,,,,,,,,,,,,
https://archiveofourown.org/works/46431418,,,,,,,,,,,,,,,,,,
https://archiveofourown.org/works/46424269,,,,,,,,,,,,,,,,,,
https://archiveofourown.org/works/46422805,,,,,,,,,,,,,,,,,,
https://archiveofourown.org/works/46422130,,,,,,,,,,,,,,,,,,
https://archiveofourown.org/works/46421908,,,,,,,,,,,,,,,,,,
https://archiveofourown.org/works/46421422,,,,,,,,,,,,,,,,,,
https://archiveofourown.org/works/46415074,,,,,,,,,,,,,,,,,,
https://archiveofourown.org/works/45139474,,,,,,,,,,,,,,,,,,
https://archiveofourown.org/works/46410094,,,,,,,,,,,,,,,,,,
https://archiveofourown.org/works/46403539,,,,,,,,,,,,,,,,,,
https://archiveofourown.org/works/46403062,,,,,,,,,,,,,,,,,,
https://archiveofourown.org/works/46400428,,,,,,,,,,,,,,,,,,
https://archiveofourown.org/works/46401100,,,,,,,,,,,,,,,,,,
https://archiveofourown.org/works/42711834,,,,,,,,,,,,,,,,,,
https://archiveofourown.org/works/46395415,,,,,,,,,,,,,,,,,,
https://archiveofourown.org/works/46388950,,,,,,,,,,,,,,,,,,
https://archiveofourown.org/works/46360597,,,,,,,,,,,,,,,,,,
https://archiveofourown.org/works/45416176,,,,,,,,,,,,,,,,,,
https://archiveofourown.org/works/44800979,,,,,,,,,,,,,,,,,,
https://archiveofourown.org/works/46018846,,,,,,,,,,,,,,,,,,
https://archiveofourown.org/works/46378699,,,,,,,,,,,,,,,,,,
https://archiveofourown.org/works/46375837,,,,,,,,,,,,,,,,,,
https://archiveofourown.org/works/46370536,,,,,,,,,,,,,,,,,,
https://archiveofourown.org/works/46369297,,,,,,,,,,,,,,,,,,
https://archiveofourown.org/works/45638332,,,,,,,,,,,,,,,,,,
https://archiveofourown.org/works/46360966,,,,,,,,,,,,,,,,,,
https://archiveofourown.org/works/46358539,,,,,,,,,,,,,,,,,,
https://archiveofourown.org/works/46358098,,,,,,,,,,,,,,,,,,
https://archiveofourown.org/works/46358089,,,,,,,,,,,,,,,,,,
https://archiveofourown.org/works/45064558,,,,,,,,,,,,,,,,,,
https://archiveofourown.org/works/46353790,,,,,,,,,,,,,,,,,,
https://archiveofourown.org/works/46351537,,,,,,,,,,,,,,,,,,
https://archiveofourown.org/works/46282243,,,,,,,,,,,,,,,,,,
https://archiveofourown.org/works/46346389,,,,,,,,,,,,,,,,,,
https://archiveofourown.org/works/46345342,,,,,,,,,,,,,,,,,,
https://archiveofourown.org/works/46343647,,,,,,,,,,,,,,,,,,
https://archiveofourown.org/works/46055770,,,,,,,,,,,,,,,,,,
https://archiveofourown.org/works/46341136,,,,,,,,,,,,,,,,,,
https://archiveofourown.org/works/45953287,,,,,,,,,,,,,,,,,,
https://archiveofourown.org/works/46326508,,,,,,,,,,,,,,,,,,
https://archiveofourown.org/works/46325347,,,,,,,,,,,,,,,,,,
https://archiveofourown.org/works/46325395,,,,,,,,,,,,,,,,,,
https://archiveofourown.org/works/46324702,,,,,,,,,,,,,,,,,,
https://archiveofourown.org/works/45505162,,,,,,,,,,,,,,,,,,
https://archiveofourown.org/works/45965344,,,,,,,,,,,,,,,,,,
https://archiveofourown.org/works/45474004,,,,,,,,,,,,,,,,,,
https://archiveofourown.org/works/46320637,,,,,,,,,,,,,,,,,,
https://archiveofourown.org/works/46318897,,,,,,,,,,,,,,,,,,
https://archiveofourown.org/works/46317319,,,,,,,,,,,,,,,,,,
https://archiveofourown.org/works/46288870,,,,,,,,,,,,,,,,,,
https://archiveofourown.org/works/46257373,,,,,,,,,,,,,,,,,,
https://archiveofourown.org/works/46066087,,,,,,,,,,,,,,,,,,
https://archiveofourown.org/works/46301008,,,,,,,,,,,,,,,,,,
https://archiveofourown.org/works/45639436,,,,,,,,,,,,,,,,,,
https://archiveofourown.org/works/46300423,,,,,,,,,,,,,,,,,,
https://archiveofourown.org/works/46295896,,,,,,,,,,,,,,,,,,
https://archiveofourown.org/works/46295437,,,,,,,,,,,,,,,,,,
https://archiveofourown.org/works/46286233,,,,,,,,,,,,,,,,,,
https://archiveofourown.org/works/46286143,,,,,,,,,,,,,,,,,,
https://archiveofourown.org/works/46275070,,,,,,,,,,,,,,,,,,
https://archiveofourown.org/works/46269961,,,,,,,,,,,,,,,,,,
https://archiveofourown.org/works/46271611,,,,,,,,,,,,,,,,,,
https://archiveofourown.org/works/46056190,,,,,,,,,,,,,,,,,,
https://archiveofourown.org/works/46266283,,,,,,,,,,,,,,,,,,
https://archiveofourown.org/works/46263364,,,,,,,,,,,,,,,,,,
https://archiveofourown.org/works/46262965,,,,,,,,,,,,,,,,,,
https://archiveofourown.org/works/46258786,,,,,,,,,,,,,,,,,,
https://archiveofourown.org/works/46242589,,,,,,,,,,,,,,,,,,
https://archiveofourown.org/works/46237879,,,,,,,,,,,,,,,,,,
https://archiveofourown.org/works/46237612,,,,,,,,,,,,,,,,,,
https://archiveofourown.org/works/46235575,,,,,,,,,,,,,,,,,,
https://archiveofourown.org/works/46231348,,,,,,,,,,,,,,,,,,
https://archiveofourown.org/works/46231606,,,,,,,,,,,,,,,,,,
https://archiveofourown.org/works/46227298,,,,,,,,,,,,,,,,,,
https://archiveofourown.org/works/46227922,,,,,,,,,,,,,,,,,,
https://archiveofourown.org/works/46225762,,,,,,,,,,,,,,,,,,
https://archiveofourown.org/works/45651097,,,,,,,,,,,,,,,,,,
https://archiveofourown.org/works/44968729,,,,,,,,,,,,,,,,,,
https://archiveofourown.org/works/46222927,,,,,,,,,,,,,,,,,,
https://archiveofourown.org/works/46222702,,,,,,,,,,,,,,,,,,
https://archiveofourown.org/works/46219141,,,,,,,,,,,,,,,,,,
https://archiveofourown.org/works/46163245,,,,,,,,,,,,,,,,,,
https://archiveofourown.org/works/46212685,,,,,,,,,,,,,,,,,,
https://archiveofourown.org/works/44824219,,,,,,,,,,,,,,,,,,
https://archiveofourown.org/works/46207663,,,,,,,,,,,,,,,,,,
https://archiveofourown.org/works/46188061,,,,,,,,,,,,,,,,,,
https://archiveofourown.org/works/46199743,,,,,,,,,,,,,,,,,,
https://archiveofourown.org/works/46199239,,,,,,,,,,,,,,,,,,
https://archiveofourown.org/works/46198582,,,,,,,,,,,,,,,,,,
https://archiveofourown.org/works/46191514,,,,,,,,,,,,,,,,,,
https://archiveofourown.org/works/46099660,,,,,,,,,,,,,,,,,,
https://archiveofourown.org/works/46179229,,,,,,,,,,,,,,,,,,
https://archiveofourown.org/works/46175200,,,,,,,,,,,,,,,,,,
https://archiveofourown.org/works/45689383,,,,,,,,,,,,,,,,,,
https://archiveofourown.org/works/45620473,,,,,,,,,,,,,,,,,,
https://archiveofourown.org/works/45608017,,,,,,,,,,,,,,,,,,
https://archiveofourown.org/works/46159789,,,,,,,,,,,,,,,,,,
https://archiveofourown.org/works/46158823,,,,,,,,,,,,,,,,,,
https://archiveofourown.org/works/46156387,,,,,,,,,,,,,,,,,,
https://archiveofourown.org/works/46153141,,,,,,,,,,,,,,,,,,
https://archiveofourown.org/works/46012726,,,,,,,,,,,,,,,,,,
https://archiveofourown.org/works/46151071,,,,,,,,,,,,,,,,,,
https://archiveofourown.org/works/46148293,,,,,,,,,,,,,,,,,,
https://archiveofourown.org/works/45740263,,,,,,,,,,,,,,,,,,
https://archiveofourown.org/works/46140007,,,,,,,,,,,,,,,,,,
https://archiveofourown.org/works/46134067,,,,,,,,,,,,,,,,,,
https://archiveofourown.org/works/45631600,,,,,,,,,,,,,,,,,,
https://archiveofourown.org/works/46130890,,,,,,,,,,,,,,,,,,
https://archiveofourown.org/works/46128898,,,,,,,,,,,,,,,,,,
https://archiveofourown.org/works/45433495,,,,,,,,,,,,,,,,,,
https://archiveofourown.org/works/46120477,,,,,,,,,,,,,,,,,,
https://archiveofourown.org/works/46117258,,,,,,,,,,,,,,,,,,
https://archiveofourown.org/works/46114156,,,,,,,,,,,,,,,,,,
https://archiveofourown.org/works/46111810,,,,,,,,,,,,,,,,,,
https://archiveofourown.org/works/46111621,,,,,,,,,,,,,,,,,,
https://archiveofourown.org/works/45731221,,,,,,,,,,,,,,,,,,
https://archiveofourown.org/works/46105606,,,,,,,,,,,,,,,,,,
https://archiveofourown.org/works/45982120,,,,,,,,,,,,,,,,,,
https://archiveofourown.org/works/46103284,,,,,,,,,,,,,,,,,,
https://archiveofourown.org/works/46102378,,,,,,,,,,,,,,,,,,
https://archiveofourown.org/works/46102300,,,,,,,,,,,,,,,,,,
https://archiveofourown.org/works/46101865,,,,,,,,,,,,,,,,,,
https://archiveofourown.org/works/46101235,,,,,,,,,,,,,,,,,,
https://archiveofourown.org/works/46106668,,,,,,,,,,,,,,,,,,
https://archiveofourown.org/works/46099825,,,,,,,,,,,,,,,,,,
https://archiveofourown.org/works/46097911,,,,,,,,,,,,,,,,,,
https://archiveofourown.org/works/45906451,,,,,,,,,,,,,,,,,,
https://archiveofourown.org/works/46096594,,,,,,,,,,,,,,,,,,
https://archiveofourown.org/works/45889246,,,,,,,,,,,,,,,,,,
https://archiveofourown.org/works/46093663,,,,,,,,,,,,,,,,,,
https://archiveofourown.org/works/46092328,,,,,,,,,,,,,,,,,,
https://archiveofourown.org/works/46090408,,,,,,,,,,,,,,,,,,
https://archiveofourown.org/works/46086682,,,,,,,,,,,,,,,,,,
https://archiveofourown.org/works/45707029,,,,,,,,,,,,,,,,,,
https://archiveofourown.org/works/46080382,,,,,,,,,,,,,,,,,,
https://archiveofourown.org/works/46014055,,,,,,,,,,,,,,,,,,
https://archiveofourown.org/works/46077070,,,,,,,,,,,,,,,,,,
https://archiveofourown.org/works/46076818,,,,,,,,,,,,,,,,,,
https://archiveofourown.org/works/46071751,,,,,,,,,,,,,,,,,,
https://archiveofourown.org/works/46070332,,,,,,,,,,,,,,,,,,
https://archiveofourown.org/works/46070098,,,,,,,,,,,,,,,,,,
https://archiveofourown.org/works/46067698,,,,,,,,,,,,,,,,,,
https://archiveofourown.org/works/46067422,,,,,,,,,,,,,,,,,,
https://archiveofourown.org/works/46063084,,,,,,,,,,,,,,,,,,
https://archiveofourown.org/works/46057189,,,,,,,,,,,,,,,,,,
https://archiveofourown.org/works/46056208,,,,,,,,,,,,,,,,,,
https://archiveofourown.org/works/45937120,,,,,,,,,,,,,,,,,,
https://archiveofourown.org/works/45908236,,,,,,,,,,,,,,,,,,
https://archiveofourown.org/works/46051189,,,,,,,,,,,,,,,,,,
https://archiveofourown.org/works/46048303,,,,,,,,,,,,,,,,,,
https://archiveofourown.org/works/46047928,,,,,,,,,,,,,,,,,,
https://archiveofourown.org/works/45726304,,,,,,,,,,,,,,,,,,
https://archiveofourown.org/works/45916255,,,,,,,,,,,,,,,,,,
https://archiveofourown.org/works/46040101,,,,,,,,,,,,,,,,,,
https://archiveofourown.org/works/45992107,,,,,,,,,,,,,,,,,,
https://archiveofourown.org/works/46037554,,,,,,,,,,,,,,,,,,
https://archiveofourown.org/works/46035781,,,,,,,,,,,,,,,,,,
https://archiveofourown.org/works/45601189,,,,,,,,,,,,,,,,,,
https://archiveofourown.org/works/46034785,,,,,,,,,,,,,,,,,,
https://archiveofourown.org/works/45610120,,,,,,,,,,,,,,,,,,
https://archiveofourown.org/works/46034062,,,,,,,,,,,,,,,,,,
https://archiveofourown.org/works/46032967,,,,,,,,,,,,,,,,,,
https://archiveofourown.org/works/46030216,,,,,,,,,,,,,,,,,,
https://archiveofourown.org/works/45705571,,,,,,,,,,,,,,,,,,
https://archiveofourown.org/works/46027813,,,,,,,,,,,,,,,,,,
https://archiveofourown.org/works/46026142,,,,,,,,,,,,,,,,,,
https://archiveofourown.org/works/46025392,,,,,,,,,,,,,,,,,,
https://archiveofourown.org/works/46021558,,,,,,,,,,,,,,,,,,
https://archiveofourown.org/works/46015855,,,,,,,,,,,,,,,,,,
https://archiveofourown.org/works/46015894,,,,,,,,,,,,,,,,,,
https://archiveofourown.org/works/46014679,,,,,,,,,,,,,,,,,,
https://archiveofourown.org/works/46011940,,,,,,,,,,,,,,,,,,
https://archiveofourown.org/works/46011172,,,,,,,,,,,,,,,,,,
https://archiveofourown.org/works/45179152,,,,,,,,,,,,,,,,,,
https://archiveofourown.org/works/46004761,,,,,,,,,,,,,,,,,,
https://archiveofourown.org/works/46004182,,,,,,,,,,,,,,,,,,
https://archiveofourown.org/works/45673180,,,,,,,,,,,,,,,,,,
https://archiveofourown.org/works/46001686,,,,,,,,,,,,,,,,,,
https://archiveofourown.org/works/46000972,,,,,,,,,,,,,,,,,,
https://archiveofourown.org/works/46000672,,,,,,,,,,,,,,,,,,
https://archiveofourown.org/works/46015144,,,,,,,,,,,,,,,,,,
https://archiveofourown.org/works/45997003,,,,,,,,,,,,,,,,,,
https://archiveofourown.org/works/45996211,,,,,,,,,,,,,,,,,,
https://archiveofourown.org/works/45996049,,,,,,,,,,,,,,,,,,
https://archiveofourown.org/works/45990073,,,,,,,,,,,,,,,,,,
https://archiveofourown.org/works/45987448,,,,,,,,,,,,,,,,,,
https://archiveofourown.org/works/45986320,,,,,,,,,,,,,,,,,,
https://archiveofourown.org/works/45985753,,,,,,,,,,,,,,,,,,
https://archiveofourown.org/works/45985786,,,,,,,,,,,,,,,,,,
https://archiveofourown.org/works/45984541,,,,,,,,,,,,,,,,,,
https://archiveofourown.org/works/45982501,,,,,,,,,,,,,,,,,,
https://archiveofourown.org/works/45981832,,,,,,,,,,,,,,,,,,
https://archiveofourown.org/works/45977116,,,,,,,,,,,,,,,,,,
https://archiveofourown.org/works/45976288,,,,,,,,,,,,,,,,,,
https://archiveofourown.org/works/45972253,,,,,,,,,,,,,,,,,,
https://archiveofourown.org/works/45973294,,,,,,,,,,,,,,,,,,
https://archiveofourown.org/works/45969571,,,,,,,,,,,,,,,,,,
https://archiveofourown.org/works/45967765,,,,,,,,,,,,,,,,,,
https://archiveofourown.org/works/45967603,,,,,,,,,,,,,,,,,,
https://archiveofourown.org/works/45176500,,,,,,,,,,,,,,,,,,
https://archiveofourown.org/works/45878509,,,,,,,,,,,,,,,,,,
https://archiveofourown.org/works/45960052,,,,,,,,,,,,,,,,,,
https://archiveofourown.org/works/45961612,,,,,,,,,,,,,,,,,,
https://archiveofourown.org/works/45961165,,,,,,,,,,,,,,,,,,
https://archiveofourown.org/works/45943195,,,,,,,,,,,,,,,,,,
https://archiveofourown.org/works/45806023,,,,,,,,,,,,,,,,,,
https://archiveofourown.org/works/45959839,,,,,,,,,,,,,,,,,,
https://archiveofourown.org/works/45959410,,,,,,,,,,,,,,,,,,
https://archiveofourown.org/works/45959260,,,,,,,,,,,,,,,,,,
https://archiveofourown.org/works/45958765,,,,,,,,,,,,,,,,,,
https://archiveofourown.org/works/45958507,,,,,,,,,,,,,,,,,,
https://archiveofourown.org/works/45956908,,,,,,,,,,,,,,,,,,
https://archiveofourown.org/works/45956830,,,,,,,,,,,,,,,,,,
https://archiveofourown.org/works/45956380,,,,,,,,,,,,,,,,,,
https://archiveofourown.org/works/45898684,,,,,,,,,,,,,,,,,,
https://archiveofourown.org/works/45955846,,,,,,,,,,,,,,,,,,
https://archiveofourown.org/works/45954985,,,,,,,,,,,,,,,,,,
https://archiveofourown.org/works/45953536,,,,,,,,,,,,,,,,,,
https://archiveofourown.org/works/45953320,,,,,,,,,,,,,,,,,,
https://archiveofourown.org/works/45953092,,,,,,,,,,,,,,,,,,
https://archiveofourown.org/works/45779782,,,,,,,,,,,,,,,,,,
https://archiveofourown.org/works/45950230,,,,,,,,,,,,,,,,,,
https://archiveofourown.org/works/45950098,,,,,,,,,,,,,,,,,,
https://archiveofourown.org/works/45949939,,,,,,,,,,,,,,,,,,
https://archiveofourown.org/works/45949594,,,,,,,,,,,,,,,,,,
https://archiveofourown.org/works/45949207,,,,,,,,,,,,,,,,,,
https://archiveofourown.org/works/45949255,,,,,,,,,,,,,,,,,,
https://archiveofourown.org/works/45948691,,,,,,,,,,,,,,,,,,
https://archiveofourown.org/works/45299590,,,,,,,,,,,,,,,,,,
https://archiveofourown.org/works/45946945,,,,,,,,,,,,,,,,,,
https://archiveofourown.org/works/45946711,,,,,,,,,,,,,,,,,,
https://archiveofourown.org/works/45946471,,,,,,,,,,,,,,,,,,
https://archiveofourown.org/works/45944800,,,,,,,,,,,,,,,,,,
https://archiveofourown.org/works/45941917,,,,,,,,,,,,,,,,,,
https://archiveofourown.org/works/45939247,,,,,,,,,,,,,,,,,,
https://archiveofourown.org/works/45938020,,,,,,,,,,,,,,,,,,
https://archiveofourown.org/works/45931798,,,,,,,,,,,,,,,,,,
https://archiveofourown.org/works/45679222,,,,,,,,,,,,,,,,,,
https://archiveofourown.org/works/45929959,,,,,,,,,,,,,,,,,,
https://archiveofourown.org/works/45657259,,,,,,,,,,,,,,,,,,
https://archiveofourown.org/works/45927412,,,,,,,,,,,,,,,,,,
https://archiveofourown.org/works/45925663,,,,,,,,,,,,,,,,,,
https://archiveofourown.org/works/45926998,,,,,,,,,,,,,,,,,,
https://archiveofourown.org/works/45926257,,,,,,,,,,,,,,,,,,
https://archiveofourown.org/works/45923554,,,,,,,,,,,,,,,,,,
https://archiveofourown.org/works/45923083,,,,,,,,,,,,,,,,,,
https://archiveofourown.org/works/45922597,,,,,,,,,,,,,,,,,,
https://archiveofourown.org/works/45921664,,,,,,,,,,,,,,,,,,
https://archiveofourown.org/works/45919786,,,,,,,,,,,,,,,,,,
https://archiveofourown.org/works/45781543,,,,,,,,,,,,,,,,,,
https://archiveofourown.org/works/45917170,,,,,,,,,,,,,,,,,,
https://archiveofourown.org/works/45917161,,,,,,,,,,,,,,,,,,
https://archiveofourown.org/works/45915469,,,,,,,,,,,,,,,,,,
https://archiveofourown.org/works/45913645,,,,,,,,,,,,,,,,,,
https://archiveofourown.org/works/45913267,,,,,,,,,,,,,,,,,,
https://archiveofourown.org/works/45912622,,,,,,,,,,,,,,,,,,
https://archiveofourown.org/works/45912517,,,,,,,,,,,,,,,,,,
https://archiveofourown.org/works/45912121,,,,,,,,,,,,,,,,,,
https://archiveofourown.org/works/45911998,,,,,,,,,,,,,,,,,,
https://archiveofourown.org/works/45911911,,,,,,,,,,,,,,,,,,
https://archiveofourown.org/works/45902416,,,,,,,,,,,,,,,,,,
https://archiveofourown.org/works/45908167,,,,,,,,,,,,,,,,,,
https://archiveofourown.org/works/45907522,,,,,,,,,,,,,,,,,,
https://archiveofourown.org/works/45907612,,,,,,,,,,,,,,,,,,
https://archiveofourown.org/works/45906832,,,,,,,,,,,,,,,,,,
https://archiveofourown.org/works/45906346,,,,,,,,,,,,,,,,,,
https://archiveofourown.org/works/45904690,,,,,,,,,,,,,,,,,,
https://archiveofourown.org/works/45903577,,,,,,,,,,,,,,,,,,
https://archiveofourown.org/works/45901207,,,,,,,,,,,,,,,,,,
https://archiveofourown.org/works/45900238,,,,,,,,,,,,,,,,,,
https://archiveofourown.org/works/45900211,,,,,,,,,,,,,,,,,,
https://archiveofourown.org/works/45898153,,,,,,,,,,,,,,,,,,
https://archiveofourown.org/works/45898195,,,,,,,,,,,,,,,,,,
https://archiveofourown.org/works/45862360,,,,,,,,,,,,,,,,,,
https://archiveofourown.org/works/45897112,,,,,,,,,,,,,,,,,,
https://archiveofourown.org/works/45892684,,,,,,,,,,,,,,,,,,
https://archiveofourown.org/works/45894358,,,,,,,,,,,,,,,,,,
https://archiveofourown.org/works/45894163,,,,,,,,,,,,,,,,,,
https://archiveofourown.org/works/45892138,,,,,,,,,,,,,,,,,,
https://archiveofourown.org/works/45892129,,,,,,,,,,,,,,,,,,
https://archiveofourown.org/works/45890218,,,,,,,,,,,,,,,,,,
https://archiveofourown.org/works/45889840,,,,,,,,,,,,,,,,,,
https://archiveofourown.org/works/45874990,,,,,,,,,,,,,,,,,,
https://archiveofourown.org/works/45888514,,,,,,,,,,,,,,,,,,
https://archiveofourown.org/works/45887671,,,,,,,,,,,,,,,,,,
https://archiveofourown.org/works/45906250,,,,,,,,,,,,,,,,,,
https://archiveofourown.org/works/45886432,,,,,,,,,,,,,,,,,,
https://archiveofourown.org/works/45885187,,,,,,,,,,,,,,,,,,
https://archiveofourown.org/works/45885139,,,,,,,,,,,,,,,,,,
https://archiveofourown.org/works/45883669,,,,,,,,,,,,,,,,,,
https://archiveofourown.org/works/45880315,,,,,,,,,,,,,,,,,,
https://archiveofourown.org/works/45874843,,,,,,,,,,,,,,,,,,
https://archiveofourown.org/works/45491884,,,,,,,,,,,,,,,,,,
https://archiveofourown.org/works/45868420,,,,,,,,,,,,,,,,,,
https://archiveofourown.org/works/45859756,,,,,,,,,,,,,,,,,,
https://archiveofourown.org/works/45856504,,,,,,,,,,,,,,,,,,
https://archiveofourown.org/works/45853579,,,,,,,,,,,,,,,,,,
https://archiveofourown.org/works/45851230,,,,,,,,,,,,,,,,,,
https://archiveofourown.org/works/45849280,,,,,,,,,,,,,,,,,,
https://archiveofourown.org/works/45667579,,,,,,,,,,,,,,,,,,
https://archiveofourown.org/works/45846748,,,,,,,,,,,,,,,,,,
https://archiveofourown.org/works/45797791,,,,,,,,,,,,,,,,,,
https://archiveofourown.org/works/45525949,,,,,,,,,,,,,,,,,,
https://archiveofourown.org/works/45858562,,,,,,,,,,,,,,,,,,
https://archiveofourown.org/works/45825607,,,,,,,,,,,,,,,,,,
https://archiveofourown.org/works/45228928,,,,,,,,,,,,,,,,,,
https://archiveofourown.org/works/45430072,,,,,,,,,,,,,,,,,,
https://archiveofourown.org/works/45822442,,,,,,,,,,,,,,,,,,
https://archiveofourown.org/works/45820903,,,,,,,,,,,,,,,,,,
https://archiveofourown.org/works/45820789,,,,,,,,,,,,,,,,,,
https://archiveofourown.org/works/45820549,,,,,,,,,,,,,,,,,,
https://archiveofourown.org/works/44318566,,,,,,,,,,,,,,,,,,
https://archiveofourown.org/works/45818764,,,,,,,,,,,,,,,,,,
https://archiveofourown.org/works/45815488,,,,,,,,,,,,,,,,,,
https://archiveofourown.org/works/45810253,,,,,,,,,,,,,,,,,,
https://archiveofourown.org/works/45653299,,,,,,,,,,,,,,,,,,
https://archiveofourown.org/works/45603859,,,,,,,,,,,,,,,,,,
https://archiveofourown.org/works/45795295,,,,,,,,,,,,,,,,,,
https://archiveofourown.org/works/45792256,,,,,,,,,,,,,,,,,,
https://archiveofourown.org/works/44781088,,,,,,,,,,,,,,,,,,
https://archiveofourown.org/works/45104020,,,,,,,,,,,,,,,,,,
https://archiveofourown.org/works/45778651,,,,,,,,,,,,,,,,,,
https://archiveofourown.org/works/45774862,,,,,,,,,,,,,,,,,,
https://archiveofourown.org/works/45771862,,,,,,,,,,,,,,,,,,
https://archiveofourown.org/works/45768427,,,,,,,,,,,,,,,,,,
https://archiveofourown.org/works/45768025,,,,,,,,,,,,,,,,,,
https://archiveofourown.org/works/45545299,,,,,,,,,,,,,,,,,,
https://archiveofourown.org/works/45758899,,,,,,,,,,,,,,,,,,
https://archiveofourown.org/works/45755005,,,,,,,,,,,,,,,,,,
https://archiveofourown.org/works/45748252,,,,,,,,,,,,,,,,,,
https://archiveofourown.org/works/45747007,,,,,,,,,,,,,,,,,,
https://archiveofourown.org/works/45746728,,,,,,,,,,,,,,,,,,
https://archiveofourown.org/works/45745054,,,,,,,,,,,,,,,,,,
https://archiveofourown.org/works/45745150,,,,,,,,,,,,,,,,,,
https://archiveofourown.org/works/45742834,,,,,,,,,,,,,,,,,,
https://archiveofourown.org/works/44842891,,,,,,,,,,,,,,,,,,
https://archiveofourown.org/works/45733642,,,,,,,,,,,,,,,,,,
https://archiveofourown.org/works/45729940,,,,,,,,,,,,,,,,,,
https://archiveofourown.org/works/45728536,,,,,,,,,,,,,,,,,,
https://archiveofourown.org/works/45726136,,,,,,,,,,,,,,,,,,
https://archiveofourown.org/works/45412678,,,,,,,,,,,,,,,,,,
https://archiveofourown.org/works/45714139,,,,,,,,,,,,,,,,,,
https://archiveofourown.org/works/45604426,,,,,,,,,,,,,,,,,,
https://archiveofourown.org/works/45711232,,,,,,,,,,,,,,,,,,
https://archiveofourown.org/works/45708334,,,,,,,,,,,,,,,,,,
https://archiveofourown.org/works/45707410,,,,,,,,,,,,,,,,,,
https://archiveofourown.org/works/45703774,,,,,,,,,,,,,,,,,,
https://archiveofourown.org/works/45703534,,,,,,,,,,,,,,,,,,
https://archiveofourown.org/works/45697195,,,,,,,,,,,,,,,,,,
https://archiveofourown.org/works/45695437,,,,,,,,,,,,,,,,,,
https://archiveofourown.org/works/45695704,,,,,,,,,,,,,,,,,,
https://archiveofourown.org/works/45692461,,,,,,,,,,,,,,,,,,
https://archiveofourown.org/works/45692212,,,,,,,,,,,,,,,,,,
https://archiveofourown.org/works/45691075,,,,,,,,,,,,,,,,,,
https://archiveofourown.org/works/45689869,,,,,,,,,,,,,,,,,,
https://archiveofourown.org/works/45688066,,,,,,,,,,,,,,,,,,
https://archiveofourown.org/works/45684694,,,,,,,,,,,,,,,,,,
https://archiveofourown.org/works/45509125,,,,,,,,,,,,,,,,,,
https://archiveofourown.org/works/45683302,,,,,,,,,,,,,,,,,,
https://archiveofourown.org/works/45679093,,,,,,,,,,,,,,,,,,
https://archiveofourown.org/works/45309310,,,,,,,,,,,,,,,,,,
https://archiveofourown.org/works/45675760,,,,,,,,,,,,,,,,,,
https://archiveofourown.org/works/45674977,,,,,,,,,,,,,,,,,,
https://archiveofourown.org/works/45381133,,,,,,,,,,,,,,,,,,
https://archiveofourown.org/works/45665002,,,,,,,,,,,,,,,,,,
https://archiveofourown.org/works/45664660,,,,,,,,,,,,,,,,,,
https://archiveofourown.org/works/45413728,,,,,,,,,,,,,,,,,,
https://archiveofourown.org/works/45660022,,,,,,,,,,,,,,,,,,
https://archiveofourown.org/works/45193921,,,,,,,,,,,,,,,,,,
https://archiveofourown.org/works/45648898,,,,,,,,,,,,,,,,,,
https://archiveofourown.org/works/45645367,,,,,,,,,,,,,,,,,,
https://archiveofourown.org/works/45232369,,,,,,,,,,,,,,,,,,
https://archiveofourown.org/works/45639625,,,,,,,,,,,,,,,,,,
https://archiveofourown.org/works/45633973,,,,,,,,,,,,,,,,,,
https://archiveofourown.org/works/45410845,,,,,,,,,,,,,,,,,,
https://archiveofourown.org/works/45632575,,,,,,,,,,,,,,,,,,
https://archiveofourown.org/works/27141959,,,,,,,,,,,,,,,,,,
https://archiveofourown.org/works/45630778,,,,,,,,,,,,,,,,,,
https://archiveofourown.org/works/45626272,,,,,,,,,,,,,,,,,,
https://archiveofourown.org/works/45624808,,,,,,,,,,,,,,,,,,
https://archiveofourown.org/works/45624178,,,,,,,,,,,,,,,,,,
https://archiveofourown.org/works/45618709,,,,,,,,,,,,,,,,,,
https://archiveofourown.org/works/45613867,,,,,,,,,,,,,,,,,,
https://archiveofourown.org/works/45607801,,,,,,,,,,,,,,,,,,
https://archiveofourown.org/works/45600478,,,,,,,,,,,,,,,,,,
https://archiveofourown.org/works/45594226,,,,,,,,,,,,,,,,,,
https://archiveofourown.org/works/45590311,,,,,,,,,,,,,,,,,,
https://archiveofourown.org/works/45262813,,,,,,,,,,,,,,,,,,
https://archiveofourown.org/works/45588253,,,,,,,,,,,,,,,,,,
https://archiveofourown.org/works/45586645,,,,,,,,,,,,,,,,,,
https://archiveofourown.org/works/45585871,,,,,,,,,,,,,,,,,,
https://archiveofourown.org/works/45089905,,,,,,,,,,,,,,,,,,
https://archiveofourown.org/works/45568510,,,,,,,,,,,,,,,,,,
https://archiveofourown.org/works/45168628,,,,,,,,,,,,,,,,,,
https://archiveofourown.org/works/45579649,,,,,,,,,,,,,,,,,,
https://archiveofourown.org/works/45577135,,,,,,,,,,,,,,,,,,
https://archiveofourown.org/works/45577765,,,,,,,,,,,,,,,,,,
https://archiveofourown.org/works/45574216,,,,,,,,,,,,,,,,,,
https://archiveofourown.org/works/45575893,,,,,,,,,,,,,,,,,,
https://archiveofourown.org/works/45575416,,,,,,,,,,,,,,,,,,
https://archiveofourown.org/works/45575278,,,,,,,,,,,,,,,,,,
https://archiveofourown.org/works/44845486,,,,,,,,,,,,,,,,,,
https://archiveofourown.org/works/45568291,,,,,,,,,,,,,,,,,,
https://archiveofourown.org/works/45567121,,,,,,,,,,,,,,,,,,
https://archiveofourown.org/works/45107590,,,,,,,,,,,,,,,,,,
https://archiveofourown.org/works/45565012,,,,,,,,,,,,,,,,,,
https://archiveofourown.org/works/45562273,,,,,,,,,,,,,,,,,,
https://archiveofourown.org/works/45556270,,,,,,,,,,,,,,,,,,
https://archiveofourown.org/works/45552913,,,,,,,,,,,,,,,,,,
https://archiveofourown.org/works/45552436,,,,,,,,,,,,,,,,,,
https://archiveofourown.org/works/45550276,,,,,,,,,,,,,,,,,,
https://archiveofourown.org/works/45017971,,,,,,,,,,,,,,,,,,
https://archiveofourown.org/works/45426244,,,,,,,,,,,,,,,,,,
https://archiveofourown.org/works/44825602,,,,,,,,,,,,,,,,,,
https://archiveofourown.org/works/45537277,,,,,,,,,,,,,,,,,,
https://archiveofourown.org/works/45441367,,,,,,,,,,,,,,,,,,
https://archiveofourown.org/works/45528430,,,,,,,,,,,,,,,,,,
https://archiveofourown.org/works/45236776,,,,,,,,,,,,,,,,,,
https://archiveofourown.org/works/45526300,,,,,,,,,,,,,,,,,,
https://archiveofourown.org/works/45525943,,,,,,,,,,,,,,,,,,
https://archiveofourown.org/works/45519622,,,,,,,,,,,,,,,,,,
https://archiveofourown.org/works/45525202,,,,,,,,,,,,,,,,,,
https://archiveofourown.org/works/45525127,,,,,,,,,,,,,,,,,,
https://archiveofourown.org/works/45523807,,,,,,,,,,,,,,,,,,
https://archiveofourown.org/works/45521722,,,,,,,,,,,,,,,,,,
https://archiveofourown.org/works/45517816,,,,,,,,,,,,,,,,,,
https://archiveofourown.org/works/45517432,,,,,,,,,,,,,,,,,,
https://archiveofourown.org/works/45516481,,,,,,,,,,,,,,,,,,
https://archiveofourown.org/works/45514036,,,,,,,,,,,,,,,,,,
https://archiveofourown.org/works/45351325,,,,,,,,,,,,,,,,,,
https://archiveofourown.org/works/45512512,,,,,,,,,,,,,,,,,,
https://archiveofourown.org/works/45512335,,,,,,,,,,,,,,,,,,
https://archiveofourown.org/works/45511150,,,,,,,,,,,,,,,,,,
https://archiveofourown.org/works/45507604,,,,,,,,,,,,,,,,,,
https://archiveofourown.org/works/45363172,,,,,,,,,,,,,,,,,,
https://archiveofourown.org/works/45505093,,,,,,,,,,,,,,,,,,
https://archiveofourown.org/works/45504967,,,,,,,,,,,,,,,,,,
https://archiveofourown.org/works/45504391,,,,,,,,,,,,,,,,,,
https://archiveofourown.org/works/45504439,,,,,,,,,,,,,,,,,,
https://archiveofourown.org/works/45499567,,,,,,,,,,,,,,,,,,
https://archiveofourown.org/works/45495526,,,,,,,,,,,,,,,,,,
https://archiveofourown.org/works/45477271,,,,,,,,,,,,,,,,,,
https://archiveofourown.org/works/45267952,,,,,,,,,,,,,,,,,,
https://archiveofourown.org/works/45486436,,,,,,,,,,,,,,,,,,
https://archiveofourown.org/works/45431953,,,,,,,,,,,,,,,,,,
https://archiveofourown.org/works/45484000,,,,,,,,,,,,,,,,,,
https://archiveofourown.org/works/45481588,,,,,,,,,,,,,,,,,,
https://archiveofourown.org/works/45480853,,,,,,,,,,,,,,,,,,
https://archiveofourown.org/works/45477412,,,,,,,,,,,,,,,,,,
https://archiveofourown.org/works/45475927,,,,,,,,,,,,,,,,,,
https://archiveofourown.org/works/45473536,,,,,,,,,,,,,,,,,,
https://archiveofourown.org/works/45472867,,,,,,,,,,,,,,,,,,
https://archiveofourown.org/works/45450130,,,,,,,,,,,,,,,,,,
https://archiveofourown.org/works/45446524,,,,,,,,,,,,,,,,,,
https://archiveofourown.org/works/45463279,,,,,,,,,,,,,,,,,,
https://archiveofourown.org/works/45461035,,,,,,,,,,,,,,,,,,
https://archiveofourown.org/works/45438514,,,,,,,,,,,,,,,,,,
https://archiveofourown.org/works/45460267,,,,,,,,,,,,,,,,,,
https://archiveofourown.org/works/45457660,,,,,,,,,,,,,,,,,,
https://archiveofourown.org/works/45457342,,,,,,,,,,,,,,,,,,
https://archiveofourown.org/works/45447781,,,,,,,,,,,,,,,,,,
https://archiveofourown.org/works/45453571,,,,,,,,,,,,,,,,,,
https://archiveofourown.org/works/45452593,,,,,,,,,,,,,,,,,,
https://archiveofourown.org/works/45452533,,,,,,,,,,,,,,,,,,
https://archiveofourown.org/works/45443701,,,,,,,,,,,,,,,,,,
https://archiveofourown.org/works/45436432,,,,,,,,,,,,,,,,,,
https://archiveofourown.org/works/45433192,,,,,,,,,,,,,,,,,,
https://archiveofourown.org/works/45409813,,,,,,,,,,,,,,,,,,
https://archiveofourown.org/works/45429940,,,,,,,,,,,,,,,,,,
https://archiveofourown.org/works/45429529,,,,,,,,,,,,,,,,,,
https://archiveofourown.org/works/45428755,,,,,,,,,,,,,,,,,,
https://archiveofourown.org/works/45427066,,,,,,,,,,,,,,,,,,
https://archiveofourown.org/works/45422758,,,,,,,,,,,,,,,,,,
https://archiveofourown.org/works/44740321,,,,,,,,,,,,,,,,,,
https://archiveofourown.org/works/45417862,,,,,,,,,,,,,,,,,,
https://archiveofourown.org/works/45416998,,,,,,,,,,,,,,,,,,
https://archiveofourown.org/works/45412558,,,,,,,,,,,,,,,,,,
https://archiveofourown.org/works/45409504,,,,,,,,,,,,,,,,,,
https://archiveofourown.org/works/45406873,,,,,,,,,,,,,,,,,,
https://archiveofourown.org/works/45234034,,,,,,,,,,,,,,,,,,
https://archiveofourown.org/works/45403954,,,,,,,,,,,,,,,,,,
https://archiveofourown.org/works/44929498,,,,,,,,,,,,,,,,,,
https://archiveofourown.org/works/45364228,,,,,,,,,,,,,,,,,,
https://archiveofourown.org/works/45399484,,,,,,,,,,,,,,,,,,
https://archiveofourown.org/works/45397642,,,,,,,,,,,,,,,,,,
https://archiveofourown.org/works/45391930,,,,,,,,,,,,,,,,,,
https://archiveofourown.org/works/45389224,,,,,,,,,,,,,,,,,,
https://archiveofourown.org/works/45388645,,,,,,,,,,,,,,,,,,
https://archiveofourown.org/works/45385342,,,,,,,,,,,,,,,,,,
https://archiveofourown.org/works/45384805,,,,,,,,,,,,,,,,,,
https://archiveofourown.org/works/45381625,,,,,,,,,,,,,,,,,,
https://archiveofourown.org/works/45380464,,,,,,,,,,,,,,,,,,
https://archiveofourown.org/works/45377092,,,,,,,,,,,,,,,,,,
https://archiveofourown.org/works/45377212,,,,,,,,,,,,,,,,,,
https://archiveofourown.org/works/45369550,,,,,,,,,,,,,,,,,,
https://archiveofourown.org/works/45367795,,,,,,,,,,,,,,,,,,
https://archiveofourown.org/works/45365311,,,,,,,,,,,,,,,,,,
https://archiveofourown.org/works/45365149,,,,,,,,,,,,,,,,,,
https://archiveofourown.org/works/44715160,,,,,,,,,,,,,,,,,,
https://archiveofourown.org/works/45361912,,,,,,,,,,,,,,,,,,
https://archiveofourown.org/works/45361849,,,,,,,,,,,,,,,,,,
https://archiveofourown.org/works/45129991,,,,,,,,,,,,,,,,,,
https://archiveofourown.org/works/45360286,,,,,,,,,,,,,,,,,,
https://archiveofourown.org/works/45356665,,,,,,,,,,,,,,,,,,
https://archiveofourown.org/works/45352075,,,,,,,,,,,,,,,,,,
https://archiveofourown.org/works/45276019,,,,,,,,,,,,,,,,,,
https://archiveofourown.org/works/45350554,,,,,,,,,,,,,,,,,,
https://archiveofourown.org/works/45350095,,,,,,,,,,,,,,,,,,
https://archiveofourown.org/works/45346141,,,,,,,,,,,,,,,,,,
https://archiveofourown.org/works/44966590,,,,,,,,,,,,,,,,,,
https://archiveofourown.org/works/44966692,,,,,,,,,,,,,,,,,,
https://archiveofourown.org/works/45342163,,,,,,,,,,,,,,,,,,
https://archiveofourown.org/works/45023200,,,,,,,,,,,,,,,,,,
https://archiveofourown.org/works/45336703,,,,,,,,,,,,,,,,,,
https://archiveofourown.org/works/45336499,,,,,,,,,,,,,,,,,,
https://archiveofourown.org/works/44791513,,,,,,,,,,,,,,,,,,
https://archiveofourown.org/works/45330871,,,,,,,,,,,,,,,,,,
https://archiveofourown.org/works/45329644,,,,,,,,,,,,,,,,,,
https://archiveofourown.org/works/45324013,,,,,,,,,,,,,,,,,,
https://archiveofourown.org/works/45232993,,,,,,,,,,,,,,,,,,
https://archiveofourown.org/works/45318481,,,,,,,,,,,,,,,,,,
https://archiveofourown.org/works/45317137,,,,,,,,,,,,,,,,,,
https://archiveofourown.org/works/44951869,,,,,,,,,,,,,,,,,,
https://archiveofourown.org/works/45313963,,,,,,,,,,,,,,,,,,
https://archiveofourown.org/works/45312091,,,,,,,,,,,,,,,,,,
https://archiveofourown.org/works/45094600,,,,,,,,,,,,,,,,,,
https://archiveofourown.org/works/45261820,,,,,,,,,,,,,,,,,,
https://archiveofourown.org/works/45305773,,,,,,,,,,,,,,,,,,
https://archiveofourown.org/works/45301822,,,,,,,,,,,,,,,,,,
https://archiveofourown.org/works/36746896,,,,,,,,,,,,,,,,,,
https://archiveofourown.org/works/45269485,,,,,,,,,,,,,,,,,,
https://archiveofourown.org/works/45268174,,,,,,,,,,,,,,,,,,
https://archiveofourown.org/works/45261127,,,,,,,,,,,,,,,,,,
https://archiveofourown.org/works/45261043,,,,,,,,,,,,,,,,,,
https://archiveofourown.org/works/45260854,,,,,,,,,,,,,,,,,,
https://archiveofourown.org/works/45259045,,,,,,,,,,,,,,,,,,
https://archiveofourown.org/works/45257080,,,,,,,,,,,,,,,,,,
https://archiveofourown.org/works/45256444,,,,,,,,,,,,,,,,,,
https://archiveofourown.org/works/45253828,,,,,,,,,,,,,,,,,,
https://archiveofourown.org/works/45247666,,,,,,,,,,,,,,,,,,
https://archiveofourown.org/works/45257482,,,,,,,,,,,,,,,,,,
https://archiveofourown.org/works/45238795,,,,,,,,,,,,,,,,,,
https://archiveofourown.org/works/45230689,,,,,,,,,,,,,,,,,,
https://archiveofourown.org/works/45214441,,,,,,,,,,,,,,,,,,
https://archiveofourown.org/works/45213178,,,,,,,,,,,,,,,,,,
https://archiveofourown.org/works/45205687,,,,,,,,,,,,,,,,,,
https://archiveofourown.org/works/44863678,,,,,,,,,,,,,,,,,,
https://archiveofourown.org/works/45203569,,,,,,,,,,,,,,,,,,
https://archiveofourown.org/works/45199969,,,,,,,,,,,,,,,,,,
https://archiveofourown.org/works/45075301,,,,,,,,,,,,,,,,,,
https://archiveofourown.org/works/45196405,,,,,,,,,,,,,,,,,,
https://archiveofourown.org/works/45195922,,,,,,,,,,,,,,,,,,
https://archiveofourown.org/works/45194491,,,,,,,,,,,,,,,,,,
https://archiveofourown.org/works/45189955,,,,,,,,,,,,,,,,,,
https://archiveofourown.org/works/45189685,,,,,,,,,,,,,,,,,,
https://archiveofourown.org/works/44893840,,,,,,,,,,,,,,,,,,
https://archiveofourown.org/works/45187933,,,,,,,,,,,,,,,,,,
https://archiveofourown.org/works/45187543,,,,,,,,,,,,,,,,,,
https://archiveofourown.org/works/45059713,,,,,,,,,,,,,,,,,,
https://archiveofourown.org/works/44822773,,,,,,,,,,,,,,,,,,
https://archiveofourown.org/works/45178339,,,,,,,,,,,,,,,,,,
https://archiveofourown.org/works/45172798,,,,,,,,,,,,,,,,,,
https://archiveofourown.org/works/45167602,,,,,,,,,,,,,,,,,,
https://archiveofourown.org/works/45164260,,,,,,,,,,,,,,,,,,
https://archiveofourown.org/works/45163615,,,,,,,,,,,,,,,,,,
https://archiveofourown.org/works/45160414,,,,,,,,,,,,,,,,,,
https://archiveofourown.org/works/45158929,,,,,,,,,,,,,,,,,,
https://archiveofourown.org/works/45157360,,,,,,,,,,,,,,,,,,
https://archiveofourown.org/works/45099169,,,,,,,,,,,,,,,,,,
https://archiveofourown.org/works/44793367,,,,,,,,,,,,,,,,,,
https://archiveofourown.org/works/44887732,,,,,,,,,,,,,,,,,,
https://archiveofourown.org/works/45152440,,,,,,,,,,,,,,,,,,
https://archiveofourown.org/works/45145945,,,,,,,,,,,,,,,,,,
https://archiveofourown.org/works/45143329,,,,,,,,,,,,,,,,,,
https://archiveofourown.org/works/45141655,,,,,,,,,,,,,,,,,,
https://archiveofourown.org/works/45141313,,,,,,,,,,,,,,,,,,
https://archiveofourown.org/works/45141007,,,,,,,,,,,,,,,,,,
https://archiveofourown.org/works/45134308,,,,,,,,,,,,,,,,,,
https://archiveofourown.org/works/45130819,,,,,,,,,,,,,,,,,,
https://archiveofourown.org/works/45099358,,,,,,,,,,,,,,,,,,
https://archiveofourown.org/works/45122929,,,,,,,,,,,,,,,,,,
https://archiveofourown.org/works/45119134,,,,,,,,,,,,,,,,,,
https://archiveofourown.org/works/44850031,,,,,,,,,,,,,,,,,,
https://archiveofourown.org/works/45116185,,,,,,,,,,,,,,,,,,
https://archiveofourown.org/works/45112600,,,,,,,,,,,,,,,,,,
https://archiveofourown.org/works/45111796,,,,,,,,,,,,,,,,,,
https://archiveofourown.org/works/30891377,,,,,,,,,,,,,,,,,,
https://archiveofourown.org/works/45111025,,,,,,,,,,,,,,,,,,
https://archiveofourown.org/works/45108844,,,,,,,,,,,,,,,,,,
https://archiveofourown.org/works/45103351,,,,,,,,,,,,,,,,,,
https://archiveofourown.org/works/45092443,,,,,,,,,,,,,,,,,,
https://archiveofourown.org/works/45084097,,,,,,,,,,,,,,,,,,
https://archiveofourown.org/works/45082042,,,,,,,,,,,,,,,,,,
https://archiveofourown.org/works/45075145,,,,,,,,,,,,,,,,,,
https://archiveofourown.org/works/45074830,,,,,,,,,,,,,,,,,,
https://archiveofourown.org/works/45070252,,,,,,,,,,,,,,,,,,
https://archiveofourown.org/works/45067912,,,,,,,,,,,,,,,,,,
https://archiveofourown.org/works/45067477,,,,,,,,,,,,,,,,,,
https://archiveofourown.org/works/45062014,,,,,,,,,,,,,,,,,,
https://archiveofourown.org/works/45058564,,,,,,,,,,,,,,,,,,
https://archiveofourown.org/works/45057832,,,,,,,,,,,,,,,,,,
https://archiveofourown.org/works/45056863,,,,,,,,,,,,,,,,,,
https://archiveofourown.org/works/45056881,,,,,,,,,,,,,,,,,,
https://archiveofourown.org/works/45055786,,,,,,,,,,,,,,,,,,
https://archiveofourown.org/works/45054850,,,,,,,,,,,,,,,,,,
https://archiveofourown.org/works/45034421,,,,,,,,,,,,,,,,,,
https://archiveofourown.org/works/45040081,,,,,,,,,,,,,,,,,,
https://archiveofourown.org/works/45028201,,,,,,,,,,,,,,,,,,
https://archiveofourown.org/works/45024322,,,,,,,,,,,,,,,,,,
https://archiveofourown.org/works/45023794,,,,,,,,,,,,,,,,,,
https://archiveofourown.org/works/45013423,,,,,,,,,,,,,,,,,,
https://archiveofourown.org/works/44985814,,,,,,,,,,,,,,,,,,
https://archiveofourown.org/works/45010582,,,,,,,,,,,,,,,,,,
https://archiveofourown.org/works/45010003,,,,,,,,,,,,,,,,,,
https://archiveofourown.org/works/45008902,,,,,,,,,,,,,,,,,,
https://archiveofourown.org/works/45008725,,,,,,,,,,,,,,,,,,
https://archiveofourown.org/works/45006874,,,,,,,,,,,,,,,,,,
https://archiveofourown.org/works/44982742,,,,,,,,,,,,,,,,,,
https://archiveofourown.org/works/44994568,,,,,,,,,,,,,,,,,,
https://archiveofourown.org/works/44991853,,,,,,,,,,,,,,,,,,
https://archiveofourown.org/works/44984257,,,,,,,,,,,,,,,,,,
https://archiveofourown.org/works/44981119,,,,,,,,,,,,,,,,,,
https://archiveofourown.org/works/44973634,,,,,,,,,,,,,,,,,,
https://archiveofourown.org/works/44967292,,,,,,,,,,,,,,,,,,
https://archiveofourown.org/works/44953672,,,,,,,,,,,,,,,,,,
https://archiveofourown.org/works/44948692,,,,,,,,,,,,,,,,,,
https://archiveofourown.org/works/44947030,,,,,,,,,,,,,,,,,,
https://archiveofourown.org/works/44029230,,,,,,,,,,,,,,,,,,
https://archiveofourown.org/works/44938747,,,,,,,,,,,,,,,,,,
https://archiveofourown.org/works/44930671,,,,,,,,,,,,,,,,,,
https://archiveofourown.org/works/44930326,,,,,,,,,,,,,,,,,,
https://archiveofourown.org/works/44928739,,,,,,,,,,,,,,,,,,
https://archiveofourown.org/works/44894392,,,,,,,,,,,,,,,,,,
https://archiveofourown.org/works/44835193,,,,,,,,,,,,,,,,,,
https://archiveofourown.org/works/44918935,,,,,,,,,,,,,,,,,,
https://archiveofourown.org/works/44850883,,,,,,,,,,,,,,,,,,
https://archiveofourown.org/works/44908540,,,,,,,,,,,,,,,,,,
https://archiveofourown.org/works/44907829,,,,,,,,,,,,,,,,,,
https://archiveofourown.org/works/44904502,,,,,,,,,,,,,,,,,,
https://archiveofourown.org/works/44893177,,,,,,,,,,,,,,,,,,
https://archiveofourown.org/works/44887462,,,,,,,,,,,,,,,,,,
https://archiveofourown.org/works/44886472,,,,,,,,,,,,,,,,,,
https://archiveofourown.org/works/44882212,,,,,,,,,,,,,,,,,,
https://archiveofourown.org/works/44881549,,,,,,,,,,,,,,,,,,
https://archiveofourown.org/works/44878681,,,,,,,,,,,,,,,,,,
https://archiveofourown.org/works/44681728,,,,,,,,,,,,,,,,,,
https://archiveofourown.org/works/44871055,,,,,,,,,,,,,,,,,,
https://archiveofourown.org/works/44870632,,,,,,,,,,,,,,,,,,
https://archiveofourown.org/works/44867332,,,,,,,,,,,,,,,,,,
https://archiveofourown.org/works/44864599,,,,,,,,,,,,,,,,,,
https://archiveofourown.org/works/44864107,,,,,,,,,,,,,,,,,,
https://archiveofourown.org/works/44860363,,,,,,,,,,,,,,,,,,
https://archiveofourown.org/works/44843365,,,,,,,,,,,,,,,,,,
https://archiveofourown.org/works/44840008,,,,,,,,,,,,,,,,,,
https://archiveofourown.org/works/44835571,,,,,,,,,,,,,,,,,,
https://archiveofourown.org/works/44830444,,,,,,,,,,,,,,,,,,
https://archiveofourown.org/works/44826466,,,,,,,,,,,,,,,,,,
https://archiveofourown.org/works/44824879,,,,,,,,,,,,,,,,,,
https://archiveofourown.org/works/44820778,,,,,,,,,,,,,,,,,,
https://archiveofourown.org/works/44815111,,,,,,,,,,,,,,,,,,
https://archiveofourown.org/works/44811289,,,,,,,,,,,,,,,,,,
https://archiveofourown.org/works/44807597,,,,,,,,,,,,,,,,,,
https://archiveofourown.org/works/44803706,,,,,,,,,,,,,,,,,,
https://archiveofourown.org/works/44727682,,,,,,,,,,,,,,,,,,
https://archiveofourown.org/works/44798203,,,,,,,,,,,,,,,,,,
https://archiveofourown.org/works/44795302,,,,,,,,,,,,,,,,,,
https://archiveofourown.org/works/44795155,,,,,,,,,,,,,,,,,,
https://archiveofourown.org/works/44794078,,,,,,,,,,,,,,,,,,
https://archiveofourown.org/works/44793961,,,,,,,,,,,,,,,,,,
https://archiveofourown.org/works/44793301,,,,,,,,,,,,,,,,,,
https://archiveofourown.org/works/44782837,,,,,,,,,,,,,,,,,,
https://archiveofourown.org/works/44774395,,,,,,,,,,,,,,,,,,
https://archiveofourown.org/works/44766430,,,,,,,,,,,,,,,,,,
https://archiveofourown.org/works/44763229,,,,,,,,,,,,,,,,,,
https://archiveofourown.org/works/44744098,,,,,,,,,,,,,,,,,,
https://archiveofourown.org/works/44584582,,,,,,,,,,,,,,,,,,
https://archiveofourown.org/works/44740261,,,,,,,,,,,,,,,,,,
https://archiveofourown.org/works/44740120,,,,,,,,,,,,,,,,,,
https://archiveofourown.org/works/44738323,,,,,,,,,,,,,,,,,,
https://archiveofourown.org/works/44727628,,,,,,,,,,,,,,,,,,
https://archiveofourown.org/works/44718403,,,,,,,,,,,,,,,,,,
https://archiveofourown.org/works/44575585,,,,,,,,,,,,,,,,,,
https://archiveofourown.org/works/44678002,,,,,,,,,,,,,,,,,,
https://archiveofourown.org/works/44665540,,,,,,,,,,,,,,,,,,
https://archiveofourown.org/works/44693524,,,,,,,,,,,,,,,,,,
https://archiveofourown.org/works/44690743,,,,,,,,,,,,,,,,,,
https://archiveofourown.org/works/44688010,,,,,,,,,,,,,,,,,,
https://archiveofourown.org/works/44674834,,,,,,,,,,,,,,,,,,
https://archiveofourown.org/works/44666578,,,,,,,,,,,,,,,,,,
https://archiveofourown.org/works/44659045,,,,,,,,,,,,,,,,,,
https://archiveofourown.org/works/44651269,,,,,,,,,,,,,,,,,,
https://archiveofourown.org/works/44646250,,,,,,,,,,,,,,,,,,
https://archiveofourown.org/works/44627746,,,,,,,,,,,,,,,,,,
https://archiveofourown.org/works/44624332,,,,,,,,,,,,,,,,,,
https://archiveofourown.org/works/44622988,,,,,,,,,,,,,,,,,,
https://archiveofourown.org/works/44618932,,,,,,,,,,,,,,,,,,
https://archiveofourown.org/works/44618332,,,,,,,,,,,,,,,,,,
https://archiveofourown.org/works/44578201,,,,,,,,,,,,,,,,,,
https://archiveofourown.org/works/44525851,,,,,,,,,,,,,,,,,,
https://archiveofourown.org/works/44525836,,,,,,,,,,,,,,,,,,
https://archiveofourown.org/works/44524861,,,,,,,,,,,,,,,,,,
https://archiveofourown.org/works/44523286,,,,,,,,,,,,,,,,,,
https://archiveofourown.org/works/44503669,,,,,,,,,,,,,,,,,,
https://archiveofourown.org/works/44408626,,,,,,,,,,,,,,,,,,
https://archiveofourown.org/works/44400694,,,,,,,,,,,,,,,,,,
https://archiveofourown.org/works/44365036,,,,,,,,,,,,,,,,,,
https://archiveofourown.org/works/44280367,,,,,,,,,,,,,,,,,,
https://archiveofourown.org/works/44352631,,,,,,,,,,,,,,,,,,
https://archiveofourown.org/works/44331544,,,,,,,,,,,,,,,,,,
https://archiveofourown.org/works/44314234,,,,,,,,,,,,,,,,,,
https://archiveofourown.org/works/44257306,,,,,,,,,,,,,,,,,,
https://archiveofourown.org/works/44235967,,,,,,,,,,,,,,,,,,
https://archiveofourown.org/works/44228203,,,,,,,,,,,,,,,,,,
https://archiveofourown.org/works/26794225,,,,,,,,,,,,,,,,,,
https://archiveofourown.org/works/44168686,,,,,,,,,,,,,,,,,,
https://archiveofourown.org/works/44163121,,,,,,,,,,,,,,,,,,
https://archiveofourown.org/works/44088697,,,,,,,,,,,,,,,,,,
https://archiveofourown.org/works/44085211,,,,,,,,,,,,,,,,,,
https://archiveofourown.org/works/44083390,,,,,,,,,,,,,,,,,,
https://archiveofourown.org/works/44044239,,,,,,,,,,,,,,,,,,
https://archiveofourown.org/works/44043678,,,,,,,,,,,,,,,,,,
https://archiveofourown.org/works/43850620,,,,,,,,,,,,,,,,,,
https://archiveofourown.org/works/43829439,,,,,,,,,,,,,,,,,,
https://archiveofourown.org/works/43845204,,,,,,,,,,,,,,,,,,
https://archiveofourown.org/works/43844863,,,,,,,,,,,,,,,,,,
https://archiveofourown.org/works/43838622,,,,,,,,,,,,,,,,,,
https://archiveofourown.org/works/43594182,,,,,,,,,,,,,,,,,,
https://archiveofourown.org/works/43814592,,,,,,,,,,,,,,,,,,
https://archiveofourown.org/works/43723593,,,,,,,,,,,,,,,,,,
https://archiveofourown.org/works/43480503,,,,,,,,,,,,,,,,,,
https://archiveofourown.org/works/43479342,,,,,,,,,,,,,,,,,,
https://archiveofourown.org/works/43461150,,,,,,,,,,,,,,,,,,
https://archiveofourown.org/works/43244620,,,,,,,,,,,,,,,,,,
https://archiveofourown.org/works/43150861,,,,,,,,,,,,,,,,,,
https://archiveofourown.org/works/43100862,,,,,,,,,,,,,,,,,,
https://archiveofourown.org/works/42703587,,,,,,,,,,,,,,,,,,
https://archiveofourown.org/works/43057926,,,,,,,,,,,,,,,,,,
https://archiveofourown.org/works/24482638,,,,,,,,,,,,,,,,,,
https://archiveofourown.org/works/43017366,,,,,,,,,,,,,,,,,,
https://archiveofourown.org/works/42929571,,,,,,,,,,,,,,,,,,
https://archiveofourown.org/works/24595771,,,,,,,,,,,,,,,,,,
https://archiveofourown.org/works/42817701,,,,,,,,,,,,,,,,,,
https://archiveofourown.org/works/42804060,,,,,,,,,,,,,,,,,,
https://archiveofourown.org/works/42673851,,,,,,,,,,,,,,,,,,
https://archiveofourown.org/works/42733362,,,,,,,,,,,,,,,,,,
https://archiveofourown.org/works/42698055,,,,,,,,,,,,,,,,,,
https://archiveofourown.org/works/42353388,,,,,,,,,,,,,,,,,,
https://archiveofourown.org/works/41708841,,,,,,,,,,,,,,,,,,
https://archiveofourown.org/works/41436312,,,,,,,,,,,,,,,,,,
https://archiveofourown.org/works/41406354,,,,,,,,,,,,,,,,,,
https://archiveofourown.org/works/41406843,,,,,,,,,,,,,,,,,,
https://archiveofourown.org/works/41403960,,,,,,,,,,,,,,,,,,
https://archiveofourown.org/works/41403606,,,,,,,,,,,,,,,,,,
https://archiveofourown.org/works/40837761,,,,,,,,,,,,,,,,,,
https://archiveofourown.org/works/41378439,,,,,,,,,,,,,,,,,,
https://archiveofourown.org/works/41327292,,,,,,,,,,,,,,,,,,
https://archiveofourown.org/works/41181165,,,,,,,,,,,,,,,,,,
https://archiveofourown.org/works/41150538,,,,,,,,,,,,,,,,,,
https://archiveofourown.org/works/41150403,,,,,,,,,,,,,,,,,,
https://archiveofourown.org/works/40822290,,,,,,,,,,,,,,,,,,
https://archiveofourown.org/works/40758879,,,,,,,,,,,,,,,,,,
https://archiveofourown.org/works/31749520,,,,,,,,,,,,,,,,,,
https://archiveofourown.org/works/40049298,,,,,,,,,,,,,,,,,,
https://archiveofourown.org/works/39724113,,,,,,,,,,,,,,,,,,
https://archiveofourown.org/works/39644610,,,,,,,,,,,,,,,,,,
https://archiveofourown.org/works/39371013,,,,,,,,,,,,,,,,,,
https://archiveofourown.org/works/38985141,,,,,,,,,,,,,,,,,,
https://archiveofourown.org/works/38726418,,,,,,,,,,,,,,,,,,
https://archiveofourown.org/works/38693130,,,,,,,,,,,,,,,,,,
https://archiveofourown.org/works/38456155,,,,,,,,,,,,,,,,,,
https://archiveofourown.org/works/38456047,,,,,,,,,,,,,,,,,,
https://archiveofourown.org/works/38455981,,,,,,,,,,,,,,,,,,
https://archiveofourown.org/works/16444880,,,,,,,,,,,,,,,,,,
https://archiveofourown.org/works/38353732,,,,,,,,,,,,,,,,,,
https://archiveofourown.org/works/37809556,,,,,,,,,,,,,,,,,,
https://archiveofourown.org/works/38108749,,,,,,,,,,,,,,,,,,
https://archiveofourown.org/works/37767757,,,,,,,,,,,,,,,,,,
https://archiveofourown.org/works/37663726,,,,,,,,,,,,,,,,,,
https://archiveofourown.org/works/37641985,,,,,,,,,,,,,,,,,,
https://archiveofourown.org/works/37499755,,,,,,,,,,,,,,,,,,
https://archiveofourown.org/works/37543237,,,,,,,,,,,,,,,,,,
https://archiveofourown.org/works/37488253,,,,,,,,,,,,,,,,,,
https://archiveofourown.org/works/37460626,,,,,,,,,,,,,,,,,,
https://archiveofourown.org/works/37157191,,,,,,,,,,,,,,,,,,
https://archiveofourown.org/works/37044562,,,,,,,,,,,,,,,,,,
https://archiveofourown.org/works/35961451,,,,,,,,,,,,,,,,,,
https://archiveofourown.org/works/35959795,,,,,,,,,,,,,,,,,,
https://archiveofourown.org/works/35957389,,,,,,,,,,,,,,,,,,
https://archiveofourown.org/works/35957182,,,,,,,,,,,,,,,,,,
https://archiveofourown.org/works/35952211,,,,,,,,,,,,,,,,,,
https://archiveofourown.org/works/35934856,,,,,,,,,,,,,,,,,,
https://archiveofourown.org/works/35947474,,,,,,,,,,,,,,,,,,
https://archiveofourown.org/works/35714974,,,,,,,,,,,,,,,,,,
https://archiveofourown.org/works/18391685,,,,,,,,,,,,,,,,,,
https://archiveofourown.org/works/35593156,,,,,,,,,,,,,,,,,,
https://archiveofourown.org/works/35589040,,,,,,,,,,,,,,,,,,
https://archiveofourown.org/works/33510064,,,,,,,,,,,,,,,,,,
https://archiveofourown.org/works/34934545,,,,,,,,,,,,,,,,,,
https://archiveofourown.org/works/34238950,,,,,,,,,,,,,,,,,,
https://archiveofourown.org/works/34548994,,,,,,,,,,,,,,,,,,
https://archiveofourown.org/works/34030168,,,,,,,,,,,,,,,,,,
https://archiveofourown.org/works/33994177,,,,,,,,,,,,,,,,,,
https://archiveofourown.org/works/33828766,,,,,,,,,,,,,,,,,,
https://archiveofourown.org/works/33632479,,,,,,,,,,,,,,,,,,
https://archiveofourown.org/works/33673495,,,,,,,,,,,,,,,,,,
https://archiveofourown.org/works/33604453,,,,,,,,,,,,,,,,,,
https://archiveofourown.org/works/33603901,,,,,,,,,,,,,,,,,,
https://archiveofourown.org/works/33603517,,,,,,,,,,,,,,,,,,
https://archiveofourown.org/works/33603397,,,,,,,,,,,,,,,,,,
https://archiveofourown.org/works/33602119,,,,,,,,,,,,,,,,,,
https://archiveofourown.org/works/33597295,,,,,,,,,,,,,,,,,,
https://archiveofourown.org/works/33399550,,,,,,,,,,,,,,,,,,
https://archiveofourown.org/works/33167092,,,,,,,,,,,,,,,,,,
https://archiveofourown.org/works/33166024,,,,,,,,,,,,,,,,,,
https://archiveofourown.org/works/33162718,,,,,,,,,,,,,,,,,,
https://archiveofourown.org/works/33048874,,,,,,,,,,,,,,,,,,
https://archiveofourown.org/works/25476073,,,,,,,,,,,,,,,,,,
https://archiveofourown.org/works/31005203,,,,,,,,,,,,,,,,,,
https://archiveofourown.org/works/30357936,,,,,,,,,,,,,,,,,,
https://archiveofourown.org/works/32434663,,,,,,,,,,,,,,,,,,
https://archiveofourown.org/works/32400166,,,,,,,,,,,,,,,,,,
https://archiveofourown.org/works/25455178,,,,,,,,,,,,,,,,,,
https://archiveofourown.org/works/32090698,,,,,,,,,,,,,,,,,,
https://archiveofourown.org/works/21889033,,,,,,,,,,,,,,,,,,
https://archiveofourown.org/works/31227620,,,,,,,,,,,,,,,,,,
https://archiveofourown.org/works/19267762,,,,,,,,,,,,,,,,,,
https://archiveofourown.org/works/23134495,,,,,,,,,,,,,,,,,,
https://archiveofourown.org/works/31241390,,,,,,,,,,,,,,,,,,
https://archiveofourown.org/works/30412464,,,,,,,,,,,,,,,,,,
https://archiveofourown.org/works/30162747,,,,,,,,,,,,,,,,,,
https://archiveofourown.org/works/29639628,,,,,,,,,,,,,,,,,,
https://archiveofourown.org/works/28748706,,,,,,,,,,,,,,,,,,
https://archiveofourown.org/works/27585835,,,,,,,,,,,,,,,,,,
https://archiveofourown.org/works/29158182,,,,,,,,,,,,,,,,,,
https://archiveofourown.org/works/29022459,,,,,,,,,,,,,,,,,,
https://archiveofourown.org/works/28896489,,,,,,,,,,,,,,,,,,
https://archiveofourown.org/works/28701117,,,,,,,,,,,,,,,,,,
https://archiveofourown.org/works/28570842,,,,,,,,,,,,,,,,,,
https://archiveofourown.org/works/28441131,,,,,,,,,,,,,,,,,,
https://archiveofourown.org/works/28339671,,,,,,,,,,,,,,,,,,
https://archiveofourown.org/works/28326390,,,,,,,,,,,,,,,,,,
https://archiveofourown.org/works/28328451,,,,,,,,,,,,,,,,,,
https://archiveofourown.org/works/28327506,,,,,,,,,,,,,,,,,,
https://archiveofourown.org/works/28325595,,,,,,,,,,,,,,,,,,
https://archiveofourown.org/works/28318842,,,,,,,,,,,,,,,,,,
https://archiveofourown.org/works/28318425,,,,,,,,,,,,,,,,,,
https://archiveofourown.org/works/28072506,,,,,,,,,,,,,,,,,,
https://archiveofourown.org/works/28310859,,,,,,,,,,,,,,,,,,
https://archiveofourown.org/works/28301892,,,,,,,,,,,,,,,,,,
https://archiveofourown.org/works/28300128,,,,,,,,,,,,,,,,,,
https://archiveofourown.org/works/28299708,,,,,,,,,,,,,,,,,,
https://archiveofourown.org/works/28120584,,,,,,,,,,,,,,,,,,
https://archiveofourown.org/works/24743593,,,,,,,,,,,,,,,,,,
https://archiveofourown.org/works/28030506,,,,,,,,,,,,,,,,,,
https://archiveofourown.org/works/27178588,,,,,,,,,,,,,,,,,,
https://archiveofourown.org/works/27827257,,,,,,,,,,,,,,,,,,
https://archiveofourown.org/works/27720083,,,,,,,,,,,,,,,,,,
https://archiveofourown.org/works/27720470,,,,,,,,,,,,,,,,,,
https://archiveofourown.org/works/27642815,,,,,,,,,,,,,,,,,,
https://archiveofourown.org/works/27604234,,,,,,,,,,,,,,,,,,
https://archiveofourown.org/works/27570118,,,,,,,,,,,,,,,,,,
https://archiveofourown.org/works/27524713,,,,,,,,,,,,,,,,,,
https://archiveofourown.org/works/19069897,,,,,,,,,,,,,,,,,,
https://archiveofourown.org/works/27405940,,,,,,,,,,,,,,,,,,
https://archiveofourown.org/works/27289444,,,,,,,,,,,,,,,,,,
https://archiveofourown.org/works/27237379,,,,,,,,,,,,,,,,,,
https://archiveofourown.org/works/27204560,,,,,,,,,,,,,,,,,,
https://archiveofourown.org/works/27189397,,,,,,,,,,,,,,,,,,
https://archiveofourown.org/works/21984409,,,,,,,,,,,,,,,,,,
https://archiveofourown.org/works/19988008,,,,,,,,,,,,,,,,,,
https://archiveofourown.org/works/27064024,,,,,,,,,,,,,,,,,,
https://archiveofourown.org/works/27034102,,,,,,,,,,,,,,,,,,
https://archiveofourown.org/works/26924479,,,,,,,,,,,,,,,,,,
https://archiveofourown.org/works/20861537,,,,,,,,,,,,,,,,,,
https://archiveofourown.org/works/26786782,,,,,,,,,,,,,,,,,,
https://archiveofourown.org/works/26625391,,,,,,,,,,,,,,,,,,
https://archiveofourown.org/works/26548330,,,,,,,,,,,,,,,,,,
https://archiveofourown.org/works/26029258,,,,,,,,,,,,,,,,,,
https://archiveofourown.org/works/26232238,,,,,,,,,,,,,,,,,,
https://archiveofourown.org/works/26274640,,,,,,,,,,,,,,,,,,
https://archiveofourown.org/works/26124490,,,,,,,,,,,,,,,,,,
https://archiveofourown.org/works/17711312,,,,,,,,,,,,,,,,,,
https://archiveofourown.org/works/25885441,,,,,,,,,,,,,,,,,,
https://archiveofourown.org/works/25940761,,,,,,,,,,,,,,,,,,
https://archiveofourown.org/works/25940392,,,,,,,,,,,,,,,,,,
https://archiveofourown.org/works/25932946,,,,,,,,,,,,,,,,,,
https://archiveofourown.org/works/25937359,,,,,,,,,,,,,,,,,,
https://archiveofourown.org/works/25935415,,,,,,,,,,,,,,,,,,
https://archiveofourown.org/works/25926367,,,,,,,,,,,,,,,,,,
https://archiveofourown.org/works/25933117,,,,,,,,,,,,,,,,,,
https://archiveofourown.org/works/25932928,,,,,,,,,,,,,,,,,,
https://archiveofourown.org/works/25885444,,,,,,,,,,,,,,,,,,
https://archiveofourown.org/works/19175875,,,,,,,,,,,,,,,,,,
https://archiveofourown.org/works/24622858,,,,,,,,,,,,,,,,,,
https://archiveofourown.org/works/25723498,,,,,,,,,,,,,,,,,,
https://archiveofourown.org/works/25713040,,,,,,,,,,,,,,,,,,
https://archiveofourown.org/works/24109855,,,,,,,,,,,,,,,,,,
https://archiveofourown.org/works/25332982,,,,,,,,,,,,,,,,,,
https://archiveofourown.org/works/25245310,,,,,,,,,,,,,,,,,,
https://archiveofourown.org/works/25245262,,,,,,,,,,,,,,,,,,
https://archiveofourown.org/works/25227376,,,,,,,,,,,,,,,,,,
https://archiveofourown.org/works/25193095,,,,,,,,,,,,,,,,,,
https://archiveofourown.org/works/22324132,,,,,,,,,,,,,,,,,,
https://archiveofourown.org/works/25148770,,,,,,,,,,,,,,,,,,
https://archiveofourown.org/works/24993562,,,,,,,,,,,,,,,,,,
https://archiveofourown.org/works/24737563,,,,,,,,,,,,,,,,,,
https://archiveofourown.org/works/24849106,,,,,,,,,,,,,,,,,,
https://archiveofourown.org/works/24772948,,,,,,,,,,,,,,,,,,
https://archiveofourown.org/works/23761342,,,,,,,,,,,,,,,,,,
https://archiveofourown.org/works/24644989,,,,,,,,,,,,,,,,,,
https://archiveofourown.org/works/24573928,,,,,,,,,,,,,,,,,,
https://archiveofourown.org/works/24522589,,,,,,,,,,,,,,,,,,
https://archiveofourown.org/works/24517390,,,,,,,,,,,,,,,,,,
https://archiveofourown.org/works/24489085,,,,,,,,,,,,,,,,,,
https://archiveofourown.org/works/24437158,,,,,,,,,,,,,,,,,,
https://archiveofourown.org/works/24390499,,,,,,,,,,,,,,,,,,
https://archiveofourown.org/works/24305455,,,,,,,,,,,,,,,,,,
https://archiveofourown.org/works/24256678,,,,,,,,,,,,,,,,,,
https://archiveofourown.org/works/24187276,,,,,,,,,,,,,,,,,,
https://archiveofourown.org/works/24170476,,,,,,,,,,,,,,,,,,
https://archiveofourown.org/works/24163342,,,,,,,,,,,,,,,,,,
https://archiveofourown.org/works/23971717,,,,,,,,,,,,,,,,,,
https://archiveofourown.org/works/23957722,,,,,,,,,,,,,,,,,,
https://archiveofourown.org/works/23740597,,,,,,,,,,,,,,,,,,
https://archiveofourown.org/works/23654395,,,,,,,,,,,,,,,,,,
https://archiveofourown.org/works/23603995,,,,,,,,,,,,,,,,,,
https://archiveofourown.org/works/23582608,,,,,,,,,,,,,,,,,,
https://archiveofourown.org/works/23411062,,,,,,,,,,,,,,,,,,
https://archiveofourown.org/works/23349382,,,,,,,,,,,,,,,,,,
https://archiveofourown.org/works/23323174,,,,,,,,,,,,,,,,,,
https://archiveofourown.org/works/23286004,,,,,,,,,,,,,,,,,,
https://archiveofourown.org/works/23073532,,,,,,,,,,,,,,,,,,
https://archiveofourown.org/works/23202952,,,,,,,,,,,,,,,,,,
https://archiveofourown.org/works/23129728,,,,,,,,,,,,,,,,,,
https://archiveofourown.org/works/23019259,,,,,,,,,,,,,,,,,,
https://archiveofourown.org/works/20301736,,,,,,,,,,,,,,,,,,
https://archiveofourown.org/works/22852282,,,,,,,,,,,,,,,,,,
https://archiveofourown.org/works/22852168,,,,,,,,,,,,,,,,,,
https://archiveofourown.org/works/22391218,,,,,,,,,,,,,,,,,,
https://archiveofourown.org/works/22741834,,,,,,,,,,,,,,,,,,
https://archiveofourown.org/works/22699609,,,,,,,,,,,,,,,,,,
https://archiveofourown.org/works/22640254,,,,,,,,,,,,,,,,,,
https://archiveofourown.org/works/22639894,,,,,,,,,,,,,,,,,,
https://archiveofourown.org/works/22530301,,,,,,,,,,,,,,,,,,
https://archiveofourown.org/works/22516711,,,,,,,,,,,,,,,,,,
https://archiveofourown.org/works/22425019,,,,,,,,,,,,,,,,,,
https://archiveofourown.org/works/22289536,,,,,,,,,,,,,,,,,,
https://archiveofourown.org/works/21887239,,,,,,,,,,,,,,,,,,
https://archiveofourown.org/works/22232230,,,,,,,,,,,,,,,,,,
https://archiveofourown.org/works/22169317,,,,,,,,,,,,,,,,,,
https://archiveofourown.org/works/22041079,,,,,,,,,,,,,,,,,,
https://archiveofourown.org/works/20204818,,,,,,,,,,,,,,,,,,
https://archiveofourown.org/works/21949393,,,,,,,,,,,,,,,,,,
https://archiveofourown.org/works/21962311,,,,,,,,,,,,,,,,,,
https://archiveofourown.org/works/21956920,,,,,,,,,,,,,,,,,,
https://archiveofourown.org/works/21939082,,,,,,,,,,,,,,,,,,
https://archiveofourown.org/works/21907027,,,,,,,,,,,,,,,,,,
https://archiveofourown.org/works/21953947,,,,,,,,,,,,,,,,,,
https://archiveofourown.org/works/21953470,,,,,,,,,,,,,,,,,,
https://archiveofourown.org/works/21944887,,,,,,,,,,,,,,,,,,
https://archiveofourown.org/works/21659164,,,,,,,,,,,,,,,,,,
https://archiveofourown.org/works/21585967,,,,,,,,,,,,,,,,,,
https://archiveofourown.org/works/21514015,,,,,,,,,,,,,,,,,,
https://archiveofourown.org/works/12107301,,,,,,,,,,,,,,,,,,
https://archiveofourown.org/works/21470785,,,,,,,,,,,,,,,,,,
https://archiveofourown.org/works/20869007,,,,,,,,,,,,,,,,,,
https://archiveofourown.org/works/21403063,,,,,,,,,,,,,,,,,,
https://archiveofourown.org/works/21262232,,,,,,,,,,,,,,,,,,
https://archiveofourown.org/works/21058028,,,,,,,,,,,,,,,,,,
https://archiveofourown.org/works/20915507,,,,,,,,,,,,,,,,,,
https://archiveofourown.org/works/20907440,,,,,,,,,,,,,,,,,,
https://archiveofourown.org/works/20907296,,,,,,,,,,,,,,,,,,
https://archiveofourown.org/works/20894279,,,,,,,,,,,,,,,,,,
https://archiveofourown.org/works/20478287,,,,,,,,,,,,,,,,,,
https://archiveofourown.org/works/20187292,,,,,,,,,,,,,,,,,,
https://archiveofourown.org/works/20517794,,,,,,,,,,,,,,,,,,
https://archiveofourown.org/works/20495744,,,,,,,,,,,,,,,,,,
https://archiveofourown.org/works/17526290,,,,,,,,,,,,,,,,,,
https://archiveofourown.org/works/18703816,,,,,,,,,,,,,,,,,,
https://archiveofourown.org/works/20288608,,,,,,,,,,,,,,,,,,
https://archiveofourown.org/works/20085940,,,,,,,,,,,,,,,,,,
https://archiveofourown.org/works/20048701,,,,,,,,,,,,,,,,,,
https://archiveofourown.org/works/19939318,,,,,,,,,,,,,,,,,,
https://archiveofourown.org/works/17745068,,,,,,,,,,,,,,,,,,
https://archiveofourown.org/works/19340686,,,,,,,,,,,,,,,,,,
https://archiveofourown.org/works/17534789,,,,,,,,,,,,,,,,,,
https://archiveofourown.org/works/18993673,,,,,,,,,,,,,,,,,,
https://archiveofourown.org/works/18992584,,,,,,,,,,,,,,,,,,
https://archiveofourown.org/works/18992062,,,,,,,,,,,,,,,,,,
https://archiveofourown.org/works/17315441,,,,,,,,,,,,,,,,,,
https://archiveofourown.org/works/18376742,,,,,,,,,,,,,,,,,,
https://archiveofourown.org/works/18352004,,,,,,,,,,,,,,,,,,
https://archiveofourown.org/works/18280280,,,,,,,,,,,,,,,,,,
https://archiveofourown.org/works/18222716,,,,,,,,,,,,,,,,,,
https://archiveofourown.org/works/18222464,,,,,,,,,,,,,,,,,,
https://archiveofourown.org/works/18222374,,,,,,,,,,,,,,,,,,
https://archiveofourown.org/works/18134861,,,,,,,,,,,,,,,,,,
https://archiveofourown.org/works/17314721,,,,,,,,,,,,,,,,,,
https://archiveofourown.org/works/17615168,,,,,,,,,,,,,,,,,,
https://archiveofourown.org/works/17419553,,,,,,,,,,,,,,,,,,
https://archiveofourown.org/works/17239847,,,,,,,,,,,,,,,,,,
https://archiveofourown.org/works/17174525,,,,,,,,,,,,,,,,,,
https://archiveofourown.org/works/17118065,,,,,,,,,,,,,,,,,,
https://archiveofourown.org/works/17042135,,,,,,,,,,,,,,,,,,
https://archiveofourown.org/works/17081909,,,,,,,,,,,,,,,,,,
https://archiveofourown.org/works/17076665,,,,,,,,,,,,,,,,,,
https://archiveofourown.org/works/17060711,,,,,,,,,,,,,,,,,,
https://archiveofourown.org/works/16953246,,,,,,,,,,,,,,,,,,
https://archiveofourown.org/works/17003190,,,,,,,,,,,,,,,,,,
https://archiveofourown.org/works/16998597,,,,,,,,,,,,,,,,,,
https://archiveofourown.org/works/16603055,,,,,,,,,,,,,,,,,,
https://archiveofourown.org/works/16511738,,,,,,,,,,,,,,,,,,
https://archiveofourown.org/works/16382582,,,,,,,,,,,,,,,,,,
https://archiveofourown.org/works/16422308,,,,,,,,,,,,,,,,,,
https://archiveofourown.org/works/15523572,,,,,,,,,,,,,,,,,,
https://archiveofourown.org/works/16365344,,,,,,,,,,,,,,,,,,
https://archiveofourown.org/works/16274480,,,,,,,,,,,,,,,,,,
https://archiveofourown.org/works/16240595,,,,,,,,,,,,,,,,,,
https://archiveofourown.org/works/16177334,,,,,,,,,,,,,,,,,,
https://archiveofourown.org/works/16067852,,,,,,,,,,,,,,,,,,
https://archiveofourown.org/works/15991676,,,,,,,,,,,,,,,,,,
https://archiveofourown.org/works/15990740,,,,,,,,,,,,,,,,,,
https://archiveofourown.org/works/15931664,,,,,,,,,,,,,,,,,,
https://archiveofourown.org/works/17183273,,,,,,,,,,,,,,,,,,
https://archiveofourown.org/works/15867801,,,,,,,,,,,,,,,,,,
https://archiveofourown.org/works/15685410,,,,,,,,,,,,,,,,,,
https://archiveofourown.org/works/15630885,,,,,,,,,,,,,,,,,,
https://archiveofourown.org/works/15561858,,,,,,,,,,,,,,,,,,
https://archiveofourown.org/works/15400686,,,,,,,,,,,,,,,,,,
https://archiveofourown.org/works/15402921,,,,,,,,,,,,,,,,,,
https://archiveofourown.org/works/15392799,,,,,,,,,,,,,,,,,,
https://archiveofourown.org/works/15324873,,,,,,,,,,,,,,,,,,
https://archiveofourown.org/works/15323526,,,,,,,,,,,,,,,,,,
https://archiveofourown.org/works/15305190,,,,,,,,,,,,,,,,,,
https://archiveofourown.org/works/15261393,,,,,,,,,,,,,,,,,,
https://archiveofourown.org/works/15261348,,,,,,,,,,,,,,,,,,
https://archiveofourown.org/works/15261306,,,,,,,,,,,,,,,,,,
https://archiveofourown.org/works/15261222,,,,,,,,,,,,,,,,,,
https://archiveofourown.org/works/15261186,,,,,,,,,,,,,,,,,,
https://archiveofourown.org/works/15261075,,,,,,,,,,,,,,,,,,
https://archiveofourown.org/works/15260967,,,,,,,,,,,,,,,,,,
https://archiveofourown.org/works/15260895,,,,,,,,,,,,,,,,,,
https://archiveofourown.org/works/15260841,,,,,,,,,,,,,,,,,,
https://archiveofourown.org/works/15260751,,,,,,,,,,,,,,,,,,
https://archiveofourown.org/works/15240549,,,,,,,,,,,,,,,,,,
https://archiveofourown.org/works/15241164,,,,,,,,,,,,,,,,,,
https://archiveofourown.org/works/15241080,,,,,,,,,,,,,,,,,,
https://archiveofourown.org/works/15088985,,,,,,,,,,,,,,,,,,
https://archiveofourown.org/works/14973011,,,,,,,,,,,,,,,,,,
https://archiveofourown.org/works/14894105,,,,,,,,,,,,,,,,,,
https://archiveofourown.org/works/14888337,,,,,,,,,,,,,,,,,,
https://archiveofourown.org/works/14846627,,,,,,,,,,,,,,,,,,
https://archiveofourown.org/works/14802308,,,,,,,,,,,,,,,,,,
https://archiveofourown.org/works/14729288,,,,,,,,,,,,,,,,,,
https://archiveofourown.org/works/46211047,,,,,,,,,,,,,,,,,,
https://archiveofourown.org/works/33837037,,,,,,,,,,,,,,,,,,
https://archiveofourown.org/works/14418399,,,,,,,,,,,,,,,,,,
https://archiveofourown.org/works/14192739,,,,,,,,,,,,,,,,,,
https://archiveofourown.org/works/14213979,,,,,,,,,,,,,,,,,,
https://archiveofourown.org/works/14162991,,,,,,,,,,,,,,,,,,
https://archiveofourown.org/works/14137068,,,,,,,,,,,,,,,,,,
https://archiveofourown.org/works/14131158,,,,,,,,,,,,,,,,,,
https://archiveofourown.org/works/13906929,,,,,,,,,,,,,,,,,,
https://archiveofourown.org/works/13882539,,,,,,,,,,,,,,,,,,
https://archiveofourown.org/works/13833576,,,,,,,,,,,,,,,,,,
https://archiveofourown.org/works/13807095,,,,,,,,,,,,,,,,,,
https://archiveofourown.org/works/13439295,,,,,,,,,,,,,,,,,,
https://archiveofourown.org/works/13689675,,,,,,,,,,,,,,,,,,
https://archiveofourown.org/works/13488987,,,,,,,,,,,,,,,,,,
https://archiveofourown.org/works/13427568,,,,,,,,,,,,,,,,,,
https://archiveofourown.org/works/13384536,,,,,,,,,,,,,,,,,,
https://archiveofourown.org/works/13318089,,,,,,,,,,,,,,,,,,
https://archiveofourown.org/works/13250715,,,,,,,,,,,,,,,,,,
https://archiveofourown.org/works/46210537,,,,,,,,,,,,,,,,,,
https://archiveofourown.org/works/13028247,,,,,,,,,,,,,,,,,,
https://archiveofourown.org/works/5754256,,,,,,,,,,,,,,,,,,
https://archiveofourown.org/works/12472404,,,,,,,,,,,,,,,,,,
https://archiveofourown.org/works/12406815,,,,,,,,,,,,,,,,,,
https://archiveofourown.org/works/12170793,,,,,,,,,,,,,,,,,,
https://archiveofourown.org/works/12182262,,,,,,,,,,,,,,,,,,
https://archiveofourown.org/works/12171450,,,,,,,,,,,,,,,,,,
https://archiveofourown.org/works/12174075,,,,,,,,,,,,,,,,,,
https://archiveofourown.org/works/12130890,,,,,,,,,,,,,,,,,,
https://archiveofourown.org/works/12130383,,,,,,,,,,,,,,,,,,
https://archiveofourown.org/works/12093402,,,,,,,,,,,,,,,,,,
https://archiveofourown.org/works/11900835,,,,,,,,,,,,,,,,,,
https://archiveofourown.org/works/11878443,,,,,,,,,,,,,,,,,,
https://archiveofourown.org/works/11875134,,,,,,,,,,,,,,,,,,
https://archiveofourown.org/works/11817630,,,,,,,,,,,,,,,,,,
https://archiveofourown.org/works/8661736,,,,,,,,,,,,,,,,,,
https://archiveofourown.org/works/11682549,,,,,,,,,,,,,,,,,,
https://archiveofourown.org/works/11682078,,,,,,,,,,,,,,,,,,
https://archiveofourown.org/works/11286780,,,,,,,,,,,,,,,,,,
https://archiveofourown.org/works/8568871,,,,,,,,,,,,,,,,,,
https://archiveofourown.org/works/11008230,,,,,,,,,,,,,,,,,,
https://archiveofourown.org/works/10999392,,,,,,,,,,,,,,,,,,
https://archiveofourown.org/works/10990965,,,,,,,,,,,,,,,,,,
https://archiveofourown.org/works/10928415,,,,,,,,,,,,,,,,,,
https://archiveofourown.org/works/10892523,,,,,,,,,,,,,,,,,,
https://archiveofourown.org/works/10708392,,,,,,,,,,,,,,,,,,
https://archiveofourown.org/works/10655598,,,,,,,,,,,,,,,,,,
https://archiveofourown.org/works/10543762,,,,,,,,,,,,,,,,,,
https://archiveofourown.org/works/10333154,,,,,,,,,,,,,,,,,,
https://archiveofourown.org/works/10321988,,,,,,,,,,,,,,,,,,
https://archiveofourown.org/works/9896033,,,,,,,,,,,,,,,,,,
https://archiveofourown.org/works/8964634,,,,,,,,,,,,,,,,,,
https://archiveofourown.org/works/9548522,,,,,,,,,,,,,,,,,,
https://archiveofourown.org/works/9490682,,,,,,,,,,,,,,,,,,
https://archiveofourown.org/works/9062950,,,,,,,,,,,,,,,,,,
https://archiveofourown.org/works/9057463,,,,,,,,,,,,,,,,,,
https://archiveofourown.org/works/8786551,,,,,,,,,,,,,,,,,,
https://archiveofourown.org/works/8783401,,,,,,,,,,,,,,,,,,
https://archiveofourown.org/works/8739550,,,,,,,,,,,,,,,,,,
https://archiveofourown.org/works/8731648,,,,,,,,,,,,,,,,,,
https://archiveofourown.org/works/8666605,,,,,,,,,,,,,,,,,,
https://archiveofourown.org/works/8667433,,,,,,,,,,,,,,,,,,
https://archiveofourown.org/works/8666857,,,,,,,,,,,,,,,,,,
https://archiveofourown.org/works/8625964,,,,,,,,,,,,,,,,,,
https://archiveofourown.org/works/8607451,,,,,,,,,,,,,,,,,,
https://archiveofourown.org/works/8456017,,,,,,,,,,,,,,,,,,
https://archiveofourown.org/works/8315419,,,,,,,,,,,,,,,,,,
https://archiveofourown.org/works/8107966,,,,,,,,,,,,,,,,,,
https://archiveofourown.org/works/7898905,,,,,,,,,,,,,,,,,,
https://archiveofourown.org/works/7849768,,,,,,,,,,,,,,,,,,
https://archiveofourown.org/works/7804423,,,,,,,,,,,,,,,,,,
https://archiveofourown.org/works/7669252,,,,,,,,,,,,,,,,,,
https://archiveofourown.org/works/7584124,,,,,,,,,,,,,,,,,,
https://archiveofourown.org/works/7574554,,,,,,,,,,,,,,,,,,
https://archiveofourown.org/works/7568299,,,,,,,,,,,,,,,,,,
https://archiveofourown.org/works/7567216,,,,,,,,,,,,,,,,,,
https://archiveofourown.org/works/7334200,,,,,,,,,,,,,,,,,,
https://archiveofourown.org/works/34292530,,,,,,,,,,,,,,,,,,
https://archiveofourown.org/works/6172984,,,,,,,,,,,,,,,,,,
https://archiveofourown.org/works/6743134,,,,,,,,,,,,,,,,,,
https://archiveofourown.org/works/6556612,,,,,,,,,,,,,,,,,,
https://archiveofourown.org/works/3841069,,,,,,,,,,,,,,,,,,
https://archiveofourown.org/works/5861695,,,,,,,,,,,,,,,,,,
https://archiveofourown.org/works/5754424,,,,,,,,,,,,,,,,,,
https://archiveofourown.org/works/5754394,,,,,,,,,,,,,,,,,,
https://archiveofourown.org/works/5726503,,,,,,,,,,,,,,,,,,
https://archiveofourown.org/works/5036569,,,,,,,,,,,,,,,,,,
https://archiveofourown.org/works/5590174,,,,,,,,,,,,,,,,,,
https://archiveofourown.org/works/5443742,,,,,,,,,,,,,,,,,,
https://archiveofourown.org/works/4858055,,,,,,,,,,,,,,,,,,
https://archiveofourown.org/works/4833506,,,,,,,,,,,,,,,,,,
https://archiveofourown.org/works/4774295,,,,,,,,,,,,,,,,,,
https://archiveofourown.org/works/4483883,,,,,,,,,,,,,,,,,,
https://archiveofourown.org/works/4248678,,,,,,,,,,,,,,,,,,
https://archiveofourown.org/works/4243329,,,,,,,,,,,,,,,,,,
https://archiveofourown.org/works/4182219,,,,,,,,,,,,,,,,,,
https://archiveofourown.org/works/4182480,,,,,,,,,,,,,,,,,,
https://archiveofourown.org/works/3846424,,,,,,,,,,,,,,,,,,
https://archiveofourown.org/works/3709479,,,,,,,,,,,,,,,,,,
https://archiveofourown.org/works/2282274,,,,,,,,,,,,,,,,,,
https://archiveofourown.org/works/1267453,,,,,,,,,,,,,,,,,,
https://archiveofourown.org/works/1169828,,,,,,,,,,,,,,,,,,
https://archiveofourown.org/works/1084801,,,,,,,,,,,,,,,,,,
