relationship,ship,shiptag
poly,Anthony/George/Lucy/Quill,Lucy Carlyle/George Cubbins | George Karim/Quill Kipps/Anthony Lockwood
triangle,CeliaL/DonaldL/Penelope,Penelope Fittes/Celia Lockwood/Donald Lockwood
triangle,Anthony/Lucy/Quill,Lucy Carlyle/Quill Kipps/Anthony Lockwood
triangle,Anthony/George/Lucy,Lucy Carlyle/George Cubbins/Anthony Lockwood
triangle,Anthony/George/Lucy,Lucy Carlyle/George Cubbins | George Karim/Anthony Lockwood
triangle,Anthony/Lucy/Quill,Lucy Carlyle/Anthony Lockwood/Quill Kipps
triangle,Anthony/Holly/Lucy,Holly Munro/Lucy Carlyle/Anthony Lockwood
pair,Quill/Skull,Quill Kipps/The Skull
pair,Kat/Quill,Quill Kipps/Kat Godwin
pair,Jessica/Quill,Quill Kipps/Jessica Lockwood
pair,Holly/Quill,Quill Kipps/Holly Munro
pair,Flo/Quill,Quill Kipps/Flo Bones
pair,Anthony/Quill,Quill Kipps/Anthony Lockwood
pair,Marissa/Tom,Marissa Fittes/Tom Rotwell
pair,Marissa/Rupert,Marissa Fittes/Rupert Gale
pair,Lucy/Skull,Lucy Carlyle/The Skull
pair,Lucy/Skull,Lucy Carlyle/Skull
pair,Lucy/Quill,Lucy Carlyle/Quill Kipps
pair,Norrie/Lucy,Lucy Carlyle/Norrie White
pair,Kat/Lucy,Lucy Carlyle/Kat Godwin
pair,Holly/Lucy,Lucy Carlyle/Holly Munro
pair,George/Lucy,Lucy Carlyle/George Karim
pair,George/Lucy,Lucy Carlyle/George Cubbins | George Karim
pair,George/Lucy,Lucy Carlyle/George Cubbins
pair,Anthony/Lucy,Lucy Carlyle/Antony Lockwood
pair,Anthony/Lucy,Lucy Carlyle/Anthony Lockwood
pair,Lucy/Quill,Lucy Carlyle / Quill Kipps
pair,Ned/Kat,Kat Goodwin/Ned Shaw
pair,Ned/Kat,Kat Godwin/Ned Shaw
pair,Holly/Kat,Kat Godwin/Holly Munro
pair,Holly/Norrie,Holly Munro/Norrie White
pair,Holly/Lucy,Holly Munro/Lucy Carlyle
pair,Holly/Kat,Holly Munro/Kat Godwin
pair,Holly/Jessica,Holly Munro/Jessica Lockwood
pair,Anthony/Holly,Holly Munro/Anthony Lockwood
pair,George/Skull,George Karim/Skull
pair,Anthony/George,George Cubbins/Anthony Lockwood
pair,George/Skull,George Cubbins | George Karim/Quill Kipps
pair,Flo/George,George Cubbins | George Karim/Flo Bones
pair,Bobby/George,George Cubbins | George Karim/Bobby Vernon
pair,Anthony/George,George Cubbins | George Karim/Anthony Lockwood
pair,Flo/Quill,Flo Bones/Quill Kipps
pair,Flo/Holly,Flo Bones/Holly Munro
pair,Flo/George,Flo Bones/George Cubbins | George Karim
pair,Flo/George,Flo Bones/George Cubbins
pair,Ezekiel/Marissa,Ezekiel/Marissa Fittes
pair,CeliaL/DonaldL,Donald Lockwood/Celia Lockwood
pair,CeliaL/DonaldL,Celia Lockwood/Donald Lockwood
pair,Bobby/Kat,Bobby Vernon/Kat Godwin
pair,Anthony/Skull,Anthony Lockwood/The Skull
pair,Anthony/Quill,Anthony Lockwood/Quill Kipps
pair,Anthony/George,Anthony Lockwood/George Karim
pair,Anthony/Flo,Anthony Lockwood/Flo Bones
