,fanfic_id,collection_name
0,44791411,Lockwood & co
1,45264931,pearlcaddy's Year of the OTP
2,45893086,Locklyle Week 2023
3,45893086,Lockwood Chaos Discord Fics
4,47295070,Lockwood Chaos Discord Fics
5,45052015,Pioneer Podfic
6,46651936,Lockwood Chaos Discord Fics
7,47248693,Lockwood Chaos Discord Fics
8,47279317,Lockwood Chaos Discord Fics
9,47751742,Lockwood Chaos Discord Fics
10,47015452,Lockwood Chaos Discord Fics
11,46977559,Lockwood Chaos Discord Fics
12,45474079,Lockwood Chaos Discord Fics
13,46848232,Locklyle Week 2023
14,46848232,Lockwood Chaos Discord Fics
15,45547321,Lockwood Chaos Discord Fics
16,46854655,Lockwood Chaos Discord Fics
17,46854655,Chaos Discord Monthly Prompts
18,47085442,Lockwood Chaos Discord Fics
19,47124301,Lockwood Chaos Discord Fics
20,46917877,Lockwood Chaos Discord Fics
21,46042495,Lockwood Chaos Discord Fics
22,46969591,Lockwood Chaos Discord Fics
23,45927658,Locklyle Week 2023
24,47660725,Lockwood Chaos Discord Fics
25,45824278,Lockwood Chaos Discord Fics
26,46788061,Lockwood Chaos Discord Fics
27,47639770,Lockwood Chaos Discord Fics
28,47591803,Lockwood Chaos Discord Fics
29,47591803,Chaos Discord Monthly Prompts
30,47575342,anonymous
31,47074180,Lockwood Chaos Discord Fics
32,45903088,Locklyle Week 2023
33,45903088,Lockwood Chaos Discord Fics
34,45585811,Anonymous Fics
35,47703772,Lockwood Chaos Discord Fics
36,47386591,Lockwood Chaos Discord Fics
37,47772334,Lockwood Chaos Discord Fics
38,47851000,Lockwood Chaos Discord Fics
39,46826059,Lockwood Chaos Discord Fics
40,47309245,Chaos Discord Monthly Prompts
41,47309245,Lockwood Chaos Discord Fics
42,45901222,Locklyle Week 2023
43,47356318,Chaos Discord Monthly Prompts
44,47356318,Lockwood Chaos Discord Fics
45,45549652,Lockwood Chaos Discord Fics
46,46113772,Lockwood Chaos Discord Fics
47,46008760,Lockwood Chaos Discord Fics
48,46773547,Lockwood Chaos Discord Fics
49,46880452,Lockwood Chaos Discord Fics
50,47490490,Lockwood Chaos Discord Fics
51,47490490,Chaos Discord Monthly Prompts
52,47284264,Lockwood Chaos Discord Fics
53,47250964,Lockwood Chaos Discord Fics
54,46241863,anonymous
55,47099179,Lockwood Chaos Discord Fics
56,47821801,Lockwood Chaos Discord Fics
57,47379352,Lockwood Chaos Discord Fics
58,45548635,Lockwood Chaos Discord Fics
59,47173498,Lockwood Chaos Discord Fics
60,45988276,Anonymous Fics
61,47569873,Lockwood Chaos Discord Fics
62,47569873,Chaos Discord Monthly Prompts
63,46640377,Lockwood Chaos Discord Fics
64,47193106,Chaos Discord Monthly Prompts
65,47193106,Lockwood and Co Smut-Off
66,47193106,Lockwood Chaos Discord Fics
67,47250301,Lockwood Chaos Discord Fics
68,47304982,Lockwood Chaos Discord Fics
69,46882249,Lockwood Chaos Discord Fics
70,47337142,Lockwood Chaos Discord Fics
71,46675375,Locklyle Week 2023
72,47496568,Lockwood Chaos Discord Fics
73,47208319,Lockwood Chaos Discord Fics
74,47365840,Lockwood Chaos Discord Fics
75,46876888,Lockwood Chaos Discord Fics
76,47725999,Lockwood Chaos Discord Fics
77,46940149,Lockwood Chaos Discord Fics
78,47270335,Lockwood Chaos Discord Fics
79,47270335,Chaos Discord Monthly Prompts
80,47212141,Lockwood Chaos Discord Fics
81,47212141,Chaos Discord Monthly Prompts
82,45908176,Locklyle Week 2023
83,47589151,Lockwood Chaos Discord Fics
84,47334856,Lockwood Chaos Discord Fics
85,47334856,Lockwood and Co Smut-Off
86,46771864,Lockwood Chaos Discord Fics
87,47677576,TWB Minecraft Championships 2023
88,45883171,Locklyle Week 2023
89,46807663,Lockwood Chaos Discord Fics
90,47237641,Lockwood Chaos Discord Fics
91,45727189,Lockwood Chaos Discord Fics
92,44738635,Lock1818
93,45946987,Locklyle Week 2023
94,45946987,Lockwood Chaos Discord Fics
95,47437276,Lockwood Chaos Discord Fics
96,46963186,Lockwood Chaos Discord Fics
97,47882233,Lockwood Chaos Discord Fics
98,47017678,Lockwood Chaos Discord Fics
99,47017678,Lockwood and Co Smut-Off
100,45496039,Anon Fics
101,47073643,Lockwood Chaos Discord Fics
102,46832422,Lockwood Chaos Discord Fics
103,46832422,Chaos Discord Monthly Prompts
104,47025892,Lockwood Chaos Discord Fics
105,46816357,Lockwood Chaos Discord Fics
106,47152003,Lockwood Chaos Discord Fics
107,45266953,lockwood&co is haunting me (haha)
108,45931096,Locklyle Week 2023
109,47313190,Lockwood Chaos Discord Fics
110,46557775,Polyship Week 2023
111,45957463,Locklyle Week 2023
112,45108736,Anonymous Fics
113,47500639,Lockwood Chaos Discord Fics
114,45963901,Locklyle Week 2023
115,47153557,Lockwood Chaos Discord Fics
116,47153557,Chaos Discord Monthly Prompts
117,47136370,Lockwood Chaos Discord Fics
118,47039815,Lockwood Chaos Discord Fics
119,47908096,Lockwood Chaos Discord Fics
120,46491514,Lockwood Chaos Discord Fics
121,47834269,Chaos Discord Monthly Prompts
122,47834269,Lockwood Chaos Discord Fics
123,46836499,Lockwood Chaos Discord Fics
124,47035522,Lockwood Chaos Discord Fics
125,47115808,Lockwood Chaos Discord Fics
126,47115808,Chaos Discord Monthly Prompts
127,46175920,pearlcaddy's Year of the OTP
128,46901140,Lockwood Chaos Discord Fics
129,46901140,Chaos Discord Monthly Prompts
130,47185939,Lockwood Chaos Discord Fics
131,46882453,Lockwood Chaos Discord Fics
132,47560099,Lockwood Chaos Discord Fics
133,47560099,Chaos Discord Monthly Prompts
134,46948681,Lockwood Chaos Discord Fics
135,47704477,TWB Minecraft Championships 2023
136,47115961,Lockwood Chaos Discord Fics
137,46836757,Lockwood Chaos Discord Fics
138,46775158,Lockwood Chaos Discord Fics
139,45952858,Locklyle Week 2023
140,47126380,Lockwood Chaos Discord Fics
141,47126380,Chaos Discord Monthly Prompts
142,47333542,Lockwood Chaos Discord Fics
143,47024770,Lockwood Chaos Discord Fics
144,46528807,Lockwood Chaos Discord Fics
145,47232418,Lockwood Chaos Discord Fics
146,47232418,Chaos Discord Monthly Prompts
147,47042248,Lockwood Chaos Discord Fics
148,47722444,Lockwood Chaos Discord Fics
149,47722444,Chaos Discord Monthly Prompts
150,47200042,Lockwood Chaos Discord Fics
151,47519422,Lockwood Chaos Discord Fics
152,47422114,Lockwood Chaos Discord Fics
153,47422114,the hunger games rewrites
154,47564686,Lockwood Chaos Discord Fics
155,47564686,Chaos Discord Monthly Prompts
156,47048677,Lockwood Chaos Discord Fics
157,46931593,Lockwood Chaos Discord Fics
158,46931593,Chaos Discord Monthly Prompts
159,47536093,Lockwood Chaos Discord Fics
160,47356699,Lockwood Chaos Discord Fics
161,47659378,Lockwood Chaos Discord Fics
162,46043956,Lockwood Chaos Discord Fics
163,47756305,Chaos Discord Monthly Prompts
164,47756305,Lockwood Chaos Discord Fics
165,47429638,Lockwood Chaos Discord Fics
166,47478904,Lockwood Chaos Discord Fics
167,46801870,Lockwood Chaos Discord Fics
168,45996544,Locklyle Week 2023
169,47887528,Lockwood Chaos Discord Fics
170,47887528,Chaos Discord Monthly Prompts
171,46200703,Lockwood Chaos Discord Fics
172,47111407,Lockwood Chaos Discord Fics
173,44775925,lockwood&co is haunting me (haha)
174,45453100,makes me feel some type of way
175,45991525,Locklyle Week 2023
176,45991525,Lockwood Chaos Discord Fics
177,47111422,Lockwood Chaos Discord Fics
178,47008549,Voiceteam 2023
179,47008549,Lavaburst - Voiceteam 2023
180,46023349,Locklyle Week 2023
181,46023349,the best of fandom fanfics
182,45906103,Locklyle Week 2023
183,44929192,Anonymous
184,46631287,Lockwood Chaos Discord Fics
185,45356128,Lockwood Chaos Discord Fics
186,47305393,5+1 Things
187,47305393,Lockwood Chaos Discord Fics
188,47020771,Lockwood Chaos Discord Fics
189,46837375,Lockwood Chaos Discord Fics
190,47116633,Lockwood Chaos Discord Fics
191,45548176,Locklyle Week 2023
192,45548176,Lockwood Chaos Discord Fics
193,47882767,Lockwood Chaos Discord Fics
194,45388015,Lockwood Chaos Discord Fics
195,46931290,Lockwood Chaos Discord Fics
196,47280757,Lockwood Chaos Discord Fics
197,46811059,Lockwood and Co Smut-Off
198,47524435,Lockwood Chaos Discord Fics
199,47311807,Lockwood Chaos Discord Fics
200,47311807,Chaos Discord Monthly Prompts
201,46476442,Lockwood Chaos Discord Fics
202,46541410,Lockwood Chaos Discord Fics
203,46844269,Lockwood Chaos Discord Fics
204,47361427,Lockwood Chaos Discord Fics
205,47381956,Lockwood Chaos Discord Fics
206,47381956,Lockwood and Co Smut-Off
207,46789153,Lockwood Chaos Discord Fics
208,47871481,Lockwood Chaos Discord Fics
209,46998766,Lockwood Chaos Discord Fics
210,47217127,Chaos Discord Monthly Prompts
211,47217127,Lockwood Chaos Discord Fics
212,46750021,Lockwood Chaos Discord Fics
213,46750021,Chaos Discord Monthly Prompts
214,46647835,Lockwood Chaos Discord Fics
215,46654159,Lockwood Chaos Discord Fics
216,46626169,Lockwood Chaos Discord Fics
217,46757398,Lockwood Chaos Discord Fics
218,46690678,Lockwood Chaos Discord Fics
219,46662667,Lockwood Chaos Discord Fics
220,46637182,Locklyle Week 2023
221,46637182,Lockwood Chaos Discord Fics
222,46673722,Lockwood Chaos Discord Fics
223,46680820,Lockwood Chaos Discord Fics
224,46680820,Chaos Discord Monthly Prompts
225,46616701,Lockwood Chaos Discord Fics
226,46546858,Lockwood Chaos Discord Fics
227,46593232,Lockwood Chaos Discord Fics
228,46531756,Lockwood Chaos Discord Fics
229,46592665,Locklyle Week 2023
230,46454686,Lockwood Chaos Discord Fics
231,46562428,Lockwood Chaos Discord Fics
232,46585030,Lockwood Chaos Discord Fics
233,46514437,Lockwood Chaos Discord Fics
234,46544200,Lockwood Chaos Discord Fics
235,46512439,Lockwood Chaos Discord Fics
236,46465093,Locklyle Week 2023
237,46608505,Chaos Discord Monthly Prompts
238,46608505,Lockwood Chaos Discord Fics
239,46612264,Chaos Discord Monthly Prompts
240,46519282,Lockwood Chaos Discord Fics
241,46609009,Lockwood Chaos Discord Fics
242,46481659,Lockwood Chaos Discord Fics
243,46473562,The Salt and Light Collection
244,46520635,Lockwood Chaos Discord Fics
245,46450045,Lockwood Chaos Discord Fics
246,46432357,Lockwood Chaos Discord Fics
247,46415074,Lockwood Chaos Discord Fics
248,46381468,Lockwood Chaos Discord Fics
249,46403539,Anonymous
250,46378699,Locklyle Week 2023
251,46370536,Lockwood Chaos Discord Fics
252,46370536,Locklyle Week 2023
253,46353790,Lockwood Chaos Discord Fics
254,46345342,Lockwood and Co Smut-Off
255,46345342,Lockwood Chaos Discord Fics
256,46313794,Lockwood Chaos Discord Fics
257,46320637,Lockwood Chaos Discord Fics
258,46300423,Lockwood Chaos Discord Fics
259,46286233,Lockwood Chaos Discord Fics
260,46271611,Locklyle Week 2023
261,46263364,Lockwood Chaos Discord Fics
262,46225141,Lockwood and Co Smut-Off
263,46225141,Lockwood Chaos Discord Fics
264,46227298,Lockwood Chaos Discord Fics
265,46201771,Lockwood and Co Smut-Off
266,46201771,Lockwood Chaos Discord Fics
267,46188061,Lockwood and Co Smut-Off
268,46188061,Lockwood Chaos Discord Fics
269,46191514,Lockwood Chaos Discord Fics
270,46191514,Locklyle Week 2023
271,46163245,Locklyle Week 2023
272,46163245,Lockwood Chaos Discord Fics
273,46158823,Locklyle Week 2023
274,46156387,Lockwood Chaos Discord Fics
275,46156387,Locklyle Week 2023
276,46148293,Lockwood Chaos Discord Fics
277,46140007,Locklyle Week 2023
278,46140007,Lockwood Chaos Discord Fics
279,46134067,Locklyle Week 2023
280,46120477,Locklyle Week 2023
281,46120477,Lockwood Chaos Discord Fics
282,46114156,Lockwood and Co Smut-Off
283,46114156,Lockwood Chaos Discord Fics
284,46093528,Locklyle Week 2023
285,46102378,Locklyle Week 2023
286,46102378,Lockwood Chaos Discord Fics
287,46080382,Locklyle Week 2023
288,46080382,Lockwood Chaos Discord Fics
289,46067698,Locklyle Week 2023
290,46067698,Lockwood Chaos Discord Fics
291,46042186,Lockwood & co
292,46055770,Locklyle Week 2023
293,46056208,Locklyle Week 2023
294,46056208,Lockwood Chaos Discord Fics
295,46018846,Lockwood Chaos Discord Fics
296,45992107,Locklyle Week 2023
297,46037554,Locklyle Week 2023
298,46035781,Locklyle Week 2023
299,46034785,Locklyle Week 2023
300,46032967,Locklyle Week 2023
301,46030216,Locklyle Week 2023
302,45705571,Locklyle Week 2023
303,46026142,Locklyle Week 2023
304,45992374,Lockwood Chaos Discord Fics
305,46011940,Locklyle Week 2023
306,46011172,Lockwood Chaos Discord Fics
307,46004761,Locklyle Week 2023
308,46004182,Locklyle Week 2023
309,46000972,Locklyle Week 2023
310,46015144,Locklyle Week 2023
311,45996049,Locklyle Week 2023
312,45987448,Locklyle Week 2023
313,45986320,Locklyle Week 2023
314,45984541,Locklyle Week 2023
315,45982501,Locklyle Week 2023
316,45976288,Locklyle Week 2023
317,45973294,Locklyle Week 2023
318,45969571,Locklyle Week 2023
319,45965344,Lockwood Chaos Discord Fics
320,45967603,Locklyle Week 2023
321,45943195,Locklyle Week 2023
322,45959839,Locklyle Week 2023
323,45959410,Locklyle Week 2023
324,45958765,Locklyle Week 2023
325,45958507,Locklyle Week 2023
326,45956908,Locklyle Week 2023
327,45956830,Locklyle Week 2023
328,45956380,Locklyle Week 2023
329,45954985,the best of fandom fanfics
330,45953536,Locklyle Week 2023
331,45953536,Locklyle ♡
332,45953320,Locklyle Week 2023
333,45950230,Locklyle Week 2023
334,45950098,Locklyle Week 2023
335,45949939,Lockwood Chaos Discord Fics
336,45946945,Locklyle Week 2023
337,45946711,Locklyle Week 2023
338,45946711,Lockwood Chaos Discord Fics
339,45944800,Locklyle Week 2023
340,45941917,Locklyle Week 2023
341,45939247,Locklyle Week 2023
342,45938020,Locklyle Week 2023
343,45931798,Locklyle Week 2023
344,45929959,Locklyle Week 2023
345,45925663,Locklyle Week 2023
346,45926998,Locklyle Week 2023
347,45926257,Locklyle Week 2023
348,45923554,Locklyle Week 2023
349,45923554,Lockwood Chaos Discord Fics
350,45923083,Locklyle Week 2023
351,45922597,Locklyle Week 2023
352,45915469,Lockwood Chaos Discord Fics
353,45915469,the hunger games rewrites
354,45913267,Locklyle Week 2023
355,45912121,Locklyle Week 2023
356,45912121,Lockwood Chaos Discord Fics
357,45911998,Lockwood Chaos Discord Fics
358,45911998,Locklyle Week 2023
359,45911911,Locklyle Week 2023
360,45902416,Locklyle Week 2023
361,45907522,Locklyle Week 2023
362,45907612,Locklyle Week 2023
363,45906832,Locklyle Week 2023
364,45906346,Locklyle Week 2023
365,45901207,Locklyle Week 2023
366,45900238,Locklyle Week 2023
367,45900211,Locklyle Week 2023
368,45898684,Locklyle Week 2023
369,45898195,Locklyle Week 2023
370,45894358,Locklyle Week 2023
371,45894163,Locklyle Week 2023
372,45892138,Lockwood Chaos Discord Fics
373,45889840,Lockwood Chaos Discord Fics
374,45889840,Locklyle Week 2023
375,45887671,Locklyle Week 2023
376,45906250,Locklyle Week 2023
377,45886432,Locklyle Week 2023
378,45885187,Locklyle Week 2023
379,45880315,Locklyle Week 2023
380,45844012,Lockwood Chaos Discord Fics
381,45825607,Lockwood Chaos Discord Fics
382,45825607,the best of fandom fanfics
383,45815488,Locklyle Week 2023
384,45793852,Lockwood Chaos Discord Fics
385,45793852,Lockwood & co
386,45793852,RJ's Faves
387,45792256,the best of fandom fanfics
388,45774862,Lockwood Chaos Discord Fics
389,45740263,Lockwood Chaos Discord Fics
390,45747007,Lockwood Chaos Discord Fics
391,45728536,Locklyle Week 2023
392,45707029,Lockwood Chaos Discord Fics
393,45711232,Lockwood Chaos Discord Fics
394,45684694,Lockwood Chaos Discord Fics
395,45683302,Lockwood Chaos Discord Fics
396,45674977,Lockwood Chaos Discord Fics
397,45674977,Lockwood and Co Smut-Off
398,45667579,Nospaces
399,45664660,Lockwood Chaos Discord Fics
400,45660022,Lockwood Chaos Discord Fics
401,45633973,Lockwood Chaos Discord Fics
402,45610120,Locklyle Week 2023
403,45607801,I am a disgrace to my family
404,45586645,Lockwood Chaos Discord Fics
405,45579649,Lockwood Chaos Discord Fics
406,45562273,Lockwood Chaos Discord Fics
407,45550276,Lockwood Chaos Discord Fics
408,45525949,Lockwood & co
409,45523807,Lockwood Chaos Discord Fics
410,45517816,Lockwood Chaos Discord Fics
411,45504439,Lockwood Chaos Discord Fics
412,45504439,Lockwood and Co Smut-Off
413,45499567,Lockwood Chaos Discord Fics
414,45477271,Lockwood Chaos Discord Fics
415,45480853,makes me feel some type of way
416,45447781,Lockwood Chaos Discord Fics
417,45436432,LOCKWOOD AND CO
418,45436432,Lockwood and Co fics
419,45436432,LockwoodandCo4lyfe
420,45416176,Lockwood Chaos Discord Fics
421,45410845,Lockwood Chaos Discord Fics
422,45409813,Lockwood Chaos Discord Fics
423,45409504,Awesome Ladies Podfic Anthology XIII
424,45359485,lockwood&co is haunting me (haha)
425,45363172,Lockwood Chaos Discord Fics
426,45364228,Lockwood Chaos Discord Fics
427,45356665,Lockwood Chaos Discord Fics
428,45352075,Etc fandoms
429,45336703,Lockwood Chaos Discord Fics
430,45307531,lockwood&co is haunting me (haha)
431,45309310,lockwood&co is haunting me (haha)
432,45309310,Lockwood Chaos Discord Fics
433,45329644,lockwood&co is haunting me (haha)
434,45313963,lockwood&co is haunting me (haha)
435,45301822,lockwood&co is haunting me (haha)
436,45262813,Lockwood & co
437,45268174,the best of fandom fanfics
438,45247666,lockwood&co is haunting me (haha)
439,45238795,Lockwood & co
440,45193921,lockwood&co is haunting me (haha)
441,45199969,lockwood&co is haunting me (haha)
442,45194491,lockwood&co is haunting me (haha)
443,45187933,lockwood&co is haunting me (haha)
444,45187543,lockwood&co is haunting me (haha)
445,45179152,lockwood&co is haunting me (haha)
446,45168628,Lockwood Chaos Discord Fics
447,45160414,lockwood&co is haunting me (haha)
448,45143329,Lockwood Chaos Discord Fics
449,45141655,Lockwood Chaos Discord Fics
450,45122929,lockwood&co is haunting me (haha)
451,45075145,lockwood&co is haunting me (haha)
452,45074830,lockwood&co is haunting me (haha)
453,45067477,Lockwood Chaos Discord Fics
454,45023200,Lockwood Chaos Discord Fics
455,45054850,lockwood&co is haunting me (haha)
456,45010582,the best of fandom fanfics
457,44991853,Anonymous
458,44963443,(ONC) Open Novella 2023
459,44911999,lockwood&co is haunting me (haha)
460,44911999,Lockwood & co
461,44929498,lockwood&co is haunting me (haha)
462,44907829,lockwood&co is haunting me (haha)
463,44863678,lockwood&co is haunting me (haha)
464,44863678,30 tragic backstories and not one living parent between all of us
465,44850031,lockwood&co is haunting me (haha)
466,44822773,lockwood&co is haunting me (haha)
467,44822773,Lockwood & co
468,44793367,you’ll want to come back to this
469,44798203,the best of fandom fanfics
470,44795302,Lockwood Chaos Discord Fics
471,44793961,Anonymous
472,44793301,Stylarke’s Fic Recs
473,44793301,Lockwood & co
474,44666578,Froday Flash Fiction Little & Monthly Specials 2023
475,44257306,Whumptober 2022
476,31749520,Alcina's story
477,29639628,Anonymous Fics
478,28318425,lockwood&co is haunting me (haha)
479,26232238,Smutember 2020
480,25940761,Anonymous
481,25932946,lockwood&co is haunting me (haha)
482,25148770,Anonymous
483,24737563,Anonymous
484,24522589,Anonymous
485,23761342,lockwood&co is haunting me (haha)
486,22741834,lockwood&co is haunting me (haha)
487,21984409,lockwood&co is haunting me (haha)
488,21058028,you’ll want to come back to this
489,20861537,Anonymous Fics
490,19939318,A Ficathon Goes Into A Bar
491,18391685,LockwoodandCo4lyfe
492,18352004,Anonymous
493,17042135,Yuletide 2018
494,17081909,Yuletide Madness 2018
495,16953246,Yuletide 2018
496,16511738,lockwood&co is haunting me (haha)
497,16382582,Anonymous Fics
498,16382582,Trick or Treat Exchange 2018
499,16365344,Trick or Treat Exchange 2018
500,15630885,lockwood&co is haunting me (haha)
501,13250715,lockwood&co is haunting me (haha)
502,13028247,LockwoodandCo4lyfe
503,12182262,Anna's A-spectrum Anthology
504,10333154,foolsalltimefaves
505,5443742,Yuletide 2015
506,4774295,Festival Fandom Barat
507,46864237,Lockwood & Co Kinkverse
508,47519422,Chaos Discord Monthly Prompts
509,47361427,Chaos Discord Monthly Prompts
510,47882767,Chaos Discord Monthly Prompts
511,47722444,L&Co Greater London Polycule Fics
512,47212141,L&Co Greater London Polycule Fics
513,47886844,Lockwood & Co Kinkverse
514,45844012,L&Co Greater London Polycule Fics
515,45967144,Lockwood & Co Kinkverse
516,47039815,Chaos Discord Monthly Prompts
517,47564686,L&Co Greater London Polycule Fics
518,47591803,Lockwood & Co Kinkverse
519,47311807,L&Co Greater London Polycule Fics
520,48019768,lockwood and co angst week
521,47908165,Lockwood Chaos Discord Fics
522,47908165,lockwood and co angst week
523,48154525,lockwood and co angst week
524,48059404,lockwood and co angst week
525,48108604,lockwood and co angst week
526,48133564,lockwood and co angst week
527,48083995,lockwood and co angst week
528,47850358,lockwood and co angst week
529,47850358,Lockwood Chaos Discord Fics
530,48154897,Extreme Timed Challenge Gift Exchange 2023
531,48180865,Lockwood Chaos Discord Fics
532,48180865,Chaos Discord Monthly Prompts
533,48145213,Extreme Timed Challenge Gift Exchange 2023
534,47850424,Lockwood Chaos Discord Fics
535,47850424,lockwood and co angst week
536,48028060,Lockwood Chaos Discord Fics
537,48028060,lockwood and co angst week
538,48038953,lockwood and co angst week
539,47990719,lockwood and co angst week
540,47963587,lockwood and co angst week
541,48099418,lockwood and co angst week
542,48072769,lockwood and co angst week
543,47928916,Lockwood Chaos Discord Fics
544,47928916,Chaos Discord Monthly Prompts
545,47928916,L&Co Greater London Polycule Fics
546,48095515,lockwood and co angst week
547,48095515,Lockwood Chaos Discord Fics
548,48095515,L&Co Greater London Polycule Fics
549,47996479,lockwood and co angst week
550,48019540,lockwood and co angst week
551,48019540,Lockwood Chaos Discord Fics
552,48333115,Lockwood Chaos Discord Fics
553,48031762,lockwood and co angst week
554,47980660,Lockwood Chaos Discord Fics
555,47980660,lockwood and co angst week
556,48023284,Lockwood Chaos Discord Fics
557,47907286,Lockwood Chaos Discord Fics
558,47907286,lockwood and co angst week
559,48033853,Lockwood Chaos Discord Fics
560,48033853,Chaos Discord Monthly Prompts
561,48004510,lockwood and co angst week
562,48023983,lockwood and co angst week
563,48208957,Lockwood Chaos Discord Fics
564,48208957,Chaos Discord Monthly Prompts
565,48208957,L&Co Greater London Polycule Fics
566,48004363,lockwood and co angst week
567,48004363,Lockwood Chaos Discord Fics
568,48015346,lockwood and co angst week
569,48311128,Lockwood Chaos Discord Fics
570,48311128,L&Co Greater London Polycule Fics
571,48006607,Lockwood Chaos Discord Fics
572,48006607,lockwood and co angst week
573,48060256,lockwood and co angst week
574,48148105,lockwood and co angst week
575,47981308,lockwood and co angst week
576,48002539,lockwood and co angst week
577,48002539,Lockwood Chaos Discord Fics
578,48010930,Lockwood Chaos Discord Fics
579,48010930,lockwood and co angst week
580,48171700,lockwood and co angst week
581,48208477,Lockwood Chaos Discord Fics
582,48208477,Chaos Discord Monthly Prompts
583,48208477,L&Co Greater London Polycule Fics
584,48238117,Lockwood Chaos Discord Fics
585,48238117,Chaos Discord Monthly Prompts
586,48130069,lockwood and co angst week
587,48191224,lockwood and co angst week
588,48106315,lockwood and co angst week
589,47906674,Lockwood Chaos Discord Fics
590,47906674,lockwood and co angst week
591,48096337,lockwood and co angst week
592,48096685,lockwood and co angst week
593,48061528,lockwood and co angst week
594,48149953,Lockwood Chaos Discord Fics
595,48149953,lockwood and co angst week
596,48053065,lockwood and co angst week
597,48047875,lockwood and co angst week
598,48060433,lockwood and co angst week
599,48091924,Lockwood Chaos Discord Fics
600,48091924,lockwood and co angst week
601,48005476,lockwood and co angst week
602,48078073,lockwood and co angst week
603,47964064,Lockwood Chaos Discord Fics
604,47964064,lockwood and co angst week
605,48025156,lockwood and co angst week
606,48037726,Lockwood Chaos Discord Fics
607,47985526,lockwood and co angst week
608,47996065,lockwood and co angst week
609,47996065,Lockwood Chaos Discord Fics
610,48105754,lockwood and co angst week
611,48105754,Lockwood Chaos Discord Fics
612,48068833,lockwood and co angst week
613,48072469,lockwood and co angst week
614,48008644,lockwood and co angst week
615,48193819,Lockwood Chaos Discord Fics
616,48088129,lockwood and co angst week
617,48139093,lockwood and co angst week
618,47989165,lockwood and co angst week
619,48068158,lockwood and co angst week
620,48069571,lockwood and co angst week
621,48045670,Lockwood Chaos Discord Fics
622,47728960,Lockwood Chaos Discord Fics
623,47728960,lockwood and co angst week
624,48037162,lockwood and co angst week
625,48194047,Lockwood Chaos Discord Fics
626,48194047,lockwood and co angst week
627,48053110,lockwood and co angst week
628,48213859,lockwood and co angst week
629,48213859,Lockwood Chaos Discord Fics
630,47975755,Lockwood Chaos Discord Fics
631,47975755,lockwood and co angst week
632,48171445,Lockwood Chaos Discord Fics
633,47850496,Lockwood Chaos Discord Fics
634,47850496,lockwood and co angst week
635,48062422,Lockwood & Co Kinkverse
636,48118678,Lockwood Chaos Discord Fics
637,48030172,Lockwood Chaos Discord Fics
638,48030172,lockwood and co angst week
639,48048670,lockwood and co angst week
640,48048670,Lockwood Chaos Discord Fics
641,48048670,L&Co Greater London Polycule Fics
642,48313270,Lockwood Chaos Discord Fics
643,48313270,lockwood and co angst week
644,48266293,lockwood and co angst week
645,48053056,Lockwood Chaos Discord Fics
646,48053056,lockwood and co angst week
647,48261055,Lockwood Chaos Discord Fics
648,48261055,Chaos Discord Monthly Prompts
649,48076579,Lockwood Chaos Discord Fics
650,48076579,lockwood and co angst week
651,48000253,Lockwood Chaos Discord Fics
652,48000253,lockwood and co angst week
653,48052411,lockwood and co angst week
654,47986495,lockwood and co angst week
655,47974699,Lockwood Chaos Discord Fics
656,47974699,lockwood and co angst week
657,48078289,lockwood and co angst week
658,48025828,Lockwood Chaos Discord Fics
659,48025828,lockwood and co angst week
660,48023206,Lockwood Chaos Discord Fics
661,48023206,lockwood and co angst week
662,48170050,lockwood and co angst week
663,47917651,Lockwood Chaos Discord Fics
664,47917651,lockwood and co angst week
665,48288715,Lockwood Chaos Discord Fics
666,48035086,Chaos Discord Monthly Prompts
667,48035086,Lockwood Chaos Discord Fics
668,47988043,lockwood and co angst week
669,48118483,lockwood and co angst week
670,48118483,Lockwood Chaos Discord Fics
671,48013183,lockwood and co angst week
672,48167488,lockwood and co angst week
673,48167488,Lockwood Chaos Discord Fics
674,48125884,Lockwood Chaos Discord Fics
675,48002926,lockwood and co angst week
676,47977333,Lockwood Chaos Discord Fics
677,47977333,Chaos Discord Monthly Prompts
678,48016129,lockwood and co angst week
679,48276196,Lockwood Chaos Discord Fics
680,48276196,Chaos Discord Monthly Prompts
681,48276196,Lockwood and Co Smut-Off
682,48076186,Lockwood Chaos Discord Fics
683,48076186,lockwood and co angst week
684,48266905,Lockwood & Co Kinkverse
685,48083566,lockwood and co angst week
686,48516502,Lockwood Chaos Discord Fics
687,48485209,Lockwood Chaos Discord Fics
688,48506008,Lockwood Chaos Discord Fics
689,48456991,Lockwood Chaos Discord Fics
690,48470764,Chaos Discord Monthly Prompts
691,48470764,Lockwood Chaos Discord Fics
692,48482560,Lockwood & Co (Taylor's Version)
693,48399796,Lockwood Chaos Discord Fics
694,48449260,Chaos Discord Monthly Prompts
695,48504781,Lockwood & Co (Taylor's Version)
696,48504781,Lockwood Chaos Discord Fics
697,48379414,Lockwood Chaos Discord Fics
698,48330700,Lockwood Chaos Discord Fics
699,48497083,TWB Minecraft Championships 2023
700,48408883,Lockwood Chaos Discord Fics
701,48408883,Chaos Discord Monthly Prompts
702,48396433,Lockwood and Co Smut-Off
703,48352765,Lockwood Chaos Discord Fics
704,48409744,Lockwood Chaos Discord Fics
705,48409744,lockwood and co angst week
706,48811327,Lockwood Chaos Discord Fics
707,48811327,Chaos Discord Monthly Prompts
708,48811327,L&Co Greater London Polycule Fics
709,48640894,Lockwood Chaos Discord Fics
710,48622111,Lockwood Chaos Discord Fics
711,48698134,Lockwood Chaos Discord Fics
712,48590188,Lockwood Chaos Discord Fics
713,48715684,Lockwood Chaos Discord Fics
714,48701503,Lockwood Chaos Discord Fics
715,48811318,Lockwood Chaos Discord Fics
716,48811318,Chaos Discord Monthly Prompts
717,48638044,Lockwood Chaos Discord Fics
718,48638044,Chaos Discord Monthly Prompts
719,48406969,Summer of Horror Exchange 2023
720,48612982,Lockwood Chaos Discord Fics
721,48782608,Lockwood Chaos Discord Fics
722,48796933,Lockwood Chaos Discord Fics
723,48707881,Bite Sized Bits of Fic from 2023
724,48801607,Lockwood Chaos Discord Fics
725,48755167,Lockwood Chaos Discord Fics
726,48748432,Lockwood Chaos Discord Fics
727,48224551,Unconventional Fanwork Exchange 2023
728,48862360,Lockwood Chaos Discord Fics
729,48869611,lockwood and co angst week
730,48869611,Lockwood Chaos Discord Fics
731,48203275,Lockwood Chaos Discord Fics
732,48203275,Smutember Smutober Prompt Responses
733,48862312,L&Co Greater London Polycule Fics
734,48888385,Lockwood Chaos Discord Fics
735,49286488,Lockwood and Co Flash Fiction
736,49286488,Lockwood Chaos Discord Fics
737,49302100,Lockwood and Co Flash Fiction
738,49162249,Lockwood Chaos Discord Fics
739,49162249,Lockwood & Co Kinkverse
740,49111561,Lockwood Chaos Discord Fics
741,49278652,Lockwood Chaos Discord Fics
742,49297198,Anonymous
743,49215013,Lockwood Chaos Discord Fics
744,49258075,Lockwood Chaos Discord Fics
745,49042171,Lockwood Chaos Discord Fics
746,49204378,Lockwood Chaos Discord Fics
747,48983425,Lockwood Chaos Discord Fics
748,49102687,Lockwood Chaos Discord Fics
749,49359211,Lockwood Chaos Discord Fics
750,49350133,Lockwood Chaos Discord Fics
751,49146907,Lockwood Chaos Discord Fics
752,48977311,Lockwood Chaos Discord Fics
753,49316065,Lockwood Chaos Discord Fics
754,49316065,Lockwood and Co Flash Fiction
755,48992113,Lockwood Chaos Discord Fics
756,49234888,Lockwood Chaos Discord Fics
757,49103302,Lockwood Chaos Discord Fics
758,49038103,Lockwood Chaos Discord Fics
759,49323439,Lockwood and Co Flash Fiction
760,49156138,Lockwood Chaos Discord Fics
761,49288636,Lockwood and Co Flash Fiction
762,49288636,Lockwood Chaos Discord Fics
763,49090273,Lockwood Chaos Discord Fics
764,49115911,Lockwood Chaos Discord Fics
765,49196050,Lockwood Chaos Discord Fics
766,48940450,Lockwood Chaos Discord Fics
767,49320493,Lockwood Chaos Discord Fics
768,49320493,Lockwood and Co Flash Fiction
769,49274719,Anonymous
770,49329535,Lockwood Chaos Discord Fics
771,49280125,Lockwood Chaos Discord Fics
772,49104817,Lockwood Chaos Discord Fics
773,49335481,Lockwood and Co Flash Fiction
774,49309756,Lockwood Chaos Discord Fics
775,49196104,Lockwood Chaos Discord Fics
776,49213702,Lockwood Chaos Discord Fics
777,49002253,Lockwood Chaos Discord Fics
778,49002253,Chaos Discord Monthly Prompts
779,49310134,Lockwood and Co Flash Fiction
780,49310134,L&Co Greater London Polycule Fics
781,49111954,Lockwood Chaos Discord Fics
782,49286761,Lockwood Chaos Discord Fics
783,49472146,L&Co Greater London Polycule Fics
784,49454635,Lockwood Chaos Discord Fics
785,49574860,Lockwood and Co Flash Fiction
786,49574860,Lockwood Chaos Discord Fics
787,49510897,Lockwood Chaos Discord Fics
788,49550656,Lockwood and Co Flash Fiction
789,49550656,Lockwood Chaos Discord Fics
790,49574938,Lockwood and Co Flash Fiction
791,49574938,Lockwood Chaos Discord Fics
792,49551775,Lockwood Chaos Discord Fics
793,49551775,L&Co Greater London Polycule Fics
794,49511536,Lockwood Chaos Discord Fics
